Dataset,Mental Disorder Type,Disorders Count,Goal,Modality,Year Published,Venue Published,# Datasets Included,Size,Public? (put link if possible),Data Type,Professional Verification,Paper Link
CLPsych 2016 Shared Task: Triaging content in online peer-support forums,Crisis triage including self-harm/suicide risk; depression discussed but not a binary label,2,Triage forum posts into 4 urgency levels (green/amber/red/crisis),Text,2016,CLPsych 2016,1,"65,024 posts total; 1,227 annotated (train 947 / test 280)",Access by application via organizers,Online peer-support forum (ReachOut.com),N,https://aclanthology.org/W16-0312.pdf
CLPsych 2017 Shared Task: Reachout Triage,Crisis triage including self-harm/suicide risk,1,Same as 2016 but with larger dataset,Text,2017,CLPsych 2017,1,"~157,963 posts; 1,588 annotated",Access by application via organizers,Online peer-support forum (ReachOut.com),N,https://pmc.ncbi.nlm.nih.gov/articles/PMC6658385/
CLPsych 2018 Shared Task: Predicting Current and Future Psychological Health from Childhood Essays,"Anxiety, Depression",2,Predict current (age-11) and future adult distress from age-11 essays,Text,2018,CLPsych 2018,1,">10k essays in cohort; task splits e.g., Age-11 Depression: train 9,146, test 993; adult distress splits in Table 1",Access by application via organizers,Childhood essays,"N (measure of psychological health selected was the Bristol Social Adjustment Guide, reported by the participants' teachers)",https://aclanthology.org/W18-0604.pdf
CLPsych 2019 Shared Task: Predicting the Degree of Suicide Risk in Reddit Posts (UMD Reddit Suicidality Dataset),Suicide Ideation,1,Predict user suicide0risk level from Reddit,Text,2019,CLPsych,1,Train: 620 users; Test: 245 users,Available upon request (https://psresnik.github.io/umd_reddit_suicidality_dataset.html),Reddit posts,Some annotated by experts,https://aclanthology.org/W19-3003/
CLPsych 2021 Shared Task: Community-level Research on Suicidality Prediction in a Secure Environment,Suicide Ideation,1,Predict suicide attempt (30 days) / death (6 months) from timelines,Text,2021,CLPsych,1,De-identified Twitter timelines; size not public,N,Twitter timelines (user-level),N,https://aclanthology.org/2021.clpsych-1.7/
CLPsych 2022 Shared Task: Capturing Moments of Change in Longitudinal User Posts,Suicidal Ideation,1,Use longitudinal modeling of the text generated by users overtime to capture mood changes and suicide risk level,Text,2022,CLPsych,1 (but a combination of 3 datasets),"256 timelines, 186 users and 6205 posts",N,Reddit posts,N,https://aclanthology.org/2022.clpsych-1.16.pdf
CLPsych 2024 Shared Task: Utilizing LLMs for finding supporting evidence about an individual's suicide risk level,Suicidal Ideation,1,Use LLMs to detect individuals' Suicidal Risk Level at both the post level and user level,Text,2024,CLPsych,"1 (but it combines data from 2019 CLPsych Shared Task A and Reddit users and their r/SuicideWatch posts, alongside their suicide risk levels in fourth classes)","245 users, 125 of them annotated; 377 posts, 162 of them annotated",N,Reddit posts,Y? - annotated by two graduate students in a clinical psychology training program,https://aclanthology.org/2024.clpsych-1.15v2.pdf
CLPsych 2025 Shared Task: Capturing Mental Health Dynamics from Social Media Timelines,General mental health,1,Capture mental health dynamics from social media timelines,Text,2025,CLPsych,1,"train: 30 timelines, 343 posts, 399 adaptive evidences, 526 maladaptive evidences; test: 10 timelines, 94 posts, 145 adapative evidences, 171 maladaptive evidences",N,Reddit posts,Y? - annotated by two Master's students in clinical psychology,https://aclanthology.org/2025.clpsych-1.16.pdf
Towards Intelligent Clinically Informed Language Analyses of people with Bipolar Disorder and Schizophrenia,"Bipolar Disorder, Schizophrenia",2,Identify lignuistic correlates between diagnostic groups of schizophrenia and bipolar,Text,2022,EMNLP,1,644 subjects (1288 transcript),Y - https://github.com/ankitaich09/EMNLP_2022,"SSPA (Social Skills Performance Assessment), a conversation between a participant and examiner",Y - a professional was conducting the conversation,https://aclanthology.org/2022.findings-emnlp.208.pdf
From ADHD to SAD: Analyzing the Language of Mental Health on Twitter through Self-Reported Diagnoses,"ADHD, Anxiety, Bipolar, Borderline, Depression, Eating, OCD, PTSD, Schizophrenia, Seasonal Affective",10,Explore language differences between ten conditions with respect to 1) the general population and 2) to each other,Text,2015,CLPsych,11,# of users; median number of tweets; total for each condition,N,"Twitter posts (self-reported, between 2008-2015)",N,https://aclanthology.org/W15-1201.pdf
Suicidal Ideation and Mental Disorder Detection with Attentive Relation Networks,"Suicidal Ideation, Depression, Anxiety, Bipolar, PTSD",5,Detect suicidal ideation and mental disorders with related risk indicators using relation networks (equipped with the attention mechanism to prioritize more critical relational features),Text,2021,Neural Computing and Applications,"3 (one public dataset, one firstly collected, one combined from several existing data sources)",4800 tweets,mixed,posts from a variety of social media forums,Y,https://arxiv.org/pdf/2004.07601
Predicting Mental Health Status on Social Media,"N/A, generally looks at mental health",2,identify user's mental health status through their social media behavior,Text,2013,Lecture Notes in Computer Science,"1, but the data has 9 different dimensions (SCL-90-R scores have 9 dimensions)",448 subjects,"N, but weibo data can be accessed publicly",Weibo posts (microblog in China),N,https://www.researchgate.net/publication/299705204_Predicting_Mental_Health_Status_on_Social_Media
Twitter-STMHD: An Extensive User-Level Database of Multiple Mental Health Disorders,"3 Depressive Disorders including Depression, Major-Depressive Disorder (MDD), Post-Partum Depression (PPD); PTSD, AHDH, Anxiety, Bipolar, OCD ",8,"1) Instead of being a corpus of sweets, a collection of user-profiles that can be used to analyze temporal information 2) Captures the tweeting acivity of users suffering from mental health disorders during COVID",Text,2022,AAAI Conference on Web and Social Media,1,25860 unique user profiles who belong to at least one of the 8 disorder categories; 8000 control user profiles,https://zenodo.org/records/6409736,Twitter user profiles,N,https://ojs.aaai.org/index.php/ICWSM/article/view/19368/19140
Large Scale Analysis of Counseling Conversations: An Application of NLP to Mental Health,"depression, self harm, suicidal thoughts, anxiety, etc",5,study conversations with counselors using LLMs to see how these conversations can be improved ,Text,2016,TACL,1,"80,885 conversations, 3.2 million messages, 408 counselors",N - https://snap.stanford.edu/counseling/,SMS conversations with counselor service,,https://aclanthology.org/Q16-1033.pdf
Empowering Mental Health Assessment: A RoBERTa-Based Approach for depression detection ,depression,1,use social media dataset to create a model for indentifying depression in social media posts,Text,2023,LT-EDI,1,"7201 subjects, 3245 dev, 499 test",datset from the workshop at this linkhttps://sites.google.com/view/lt-edi-2023/tasks?authuser=0,posts from a variety of social media forums,,https://aclanthology.org/2023.ltedi-1.13.pdf
Characterizing and Predicting Postpartum Depression from shared Facebook data,post partum depression,1,"analyze facebook data of moms with PPD, and create statistical model to predict whether or not a mom will have PPD",Text,2014,ACM conference on Computer supported cooperative work & social computing,2,"267 complete responses to the survey, 165 responses to PHQ-9 questionnaire",N,"survey to gain access to facebook data, questionnaire",,https://dl.acm.org/doi/pdf/10.1145/2531602.2531675?casa_token=GwPyfbxeIlUAAAAA:J2Wf0ysmYtd4EWpP-ER8HrOl_Wu57AZ6hdoa2XRPJ7hOH-__lBsp3WblxKSOjK-g_FS6bVi0wVJw
The Language of mental health problems in social media,"addiction, anxiety, asperger's, autism, bipolar, dementia, depression, schizophrenia, self harm, suicide ideation",10,study language features that are characteristic for individual mental health conditions using large scale data,Text,2016,CLPsych,2 - comments and posts,3m comments and posts,"Y -  https://redd.it/
3mg812 (posts), https://redd.it/3bxlg7 (comments)",Reddit posts/comments,N,https://aclanthology.org/W16-0307.pdf
Dreaddit: A Reddit Dataset for Stress Analysis in Social Media,Stress,1,Identify stress from lengthy multi-domain social media data,Text,2019,International Workshop on Health Text Mining and Information Analysis (LOUHI),1,"3553 labeled data points from 2929 posts (1857 ""stressful"")",https://www.cs.columbia.edu/~eturcan/data/dreaddit.zip,"Reddit posts (from 10 subreddits in five domains: abuse, social, anxiety, PTSD and financial)",N,https://aclanthology.org/D19-6213/
Toward Digital Phenotypes of Early Childhood Mental Health via Unsupervised and Supervised Machine Learning,"ADHD, Anxiety, Depression",3,Detect ADHD/anxiety/depression in children using supervised and clustering techniques,Movement and audio,2023,IEEE Engineering in Medicine & Biology Society (EMBC),1,84,N,Wearable sensor-derived data,N,https://ieeexplore.ieee.org/document/10340806
Trauma Event Recognition Across Contextual Environments (TRACE),Trauma,1,"Trauma detection, introduces a variety of datasets",Text,2024,EMNLP Findings,4,18545 samples,Y - https://github.com/MiriamSchirmer/trauma-language,"genocide-related court data, a Reddit dataset on post-traumatic stress disorder
(PTSD), counseling conversations, and Incel forum posts",2/4 datasets are professionally verified,https://aclanthology.org/2024.findings-emnlp.773.pdf
"Google Form for Students in Bhopal, India","Stress, Anxiety, Depression",3,Generating summaries of psychological conversations,Text,2025,31st International Conference on Computational Linguistics (COLING 2025) ,1,405,https://huggingface.co/SIR-Lab/MSE_Summarizer,Google Form Questionnaire Submissions,Yes - Done with the presence of 2 certified clinicians,https://aclanthology.org/2025.coling-main.182.pdf
ArmanEmo Dataset,"Stress, Anxiety, Depression",3,Develop culturally sensitive Persian chatbot,Text,2025,AbjadNLP 2025 (part of COLING 2025),1,7000,https://paperswithcode.com/dataset/armanemo,"Twitter, Instagram, Digikala (Iranian e-commerce company)",N,https://aclanthology.org/2025.abjadnlp-1.8.pdf
"In an Absolute State: Elevated Use of Absolutist Words Is a Marker Specific to Anxiety, Depression, and Suicidal Ideation","Anxiety, Depression, PTSD, Schizophrenia, Bipolar, Suicidal Ideation",6,To determine if the use of absolutist thinking is strongly coorelated with instances of the aformentioned mental health disorders,text,2018,APS,1,63 different social media forums,Y - https://figshare.com/articles/dataset/Stats_-_In_an_Absolute_State_xlsx/4743547?file=7749943 (the analysis of the data) There is a link to the text files but it leads to nothing.,Social media posts,N,https://journals.sagepub.com/doi/10.1177/2167702617747074
Distress Analysis Corpus of human and computer interviews (DAIC),"for PTSD/depression, but can be used for any",2,create a corpus with different types of interviews for analysis,"audio, video, and depth sensor recordings of interviews",2014,LREC,1,621 interviews (contains 4 types of interviews),"shared on a case by case basis, can request access",Interviews,Y,http://www.lrec-conf.org/proceedings/lrec2014/pdf/508_Paper.pdf
A Bag-of-Users approach to mental health prediction from social media data,Anxiety and Depression ,2,Understand the importance of both textual and non-textual data when using ML models to help classify mental disorders,Text,2023,PROPOR 2024,2 (textual dataset and non-textual dataset),"46.8 million Tweets; 18,819 unique users ",No ,Twitter users and their tweets,N ,https://aclanthology.org/2024.propor-1.52.pdf
SMHD,"ADHD, Anxiety, Autism, Bipolar, Borderline, Depression, Eating, OCD, PTSD, Schizophrenia, Seasonal Affective",11,"Investigate the creation of high-precision matching patterns
to identify self-reported diagnoses of nine different mental health conditions",Text,2018,COLING,1,"*too much to list here by category, ref. Table 2 in paper",https://ir.cs.georgetown.edu/data/smhd/,Reddit posts,N,https://aclanthology.org/C18-1126.pdf
CURE: Context- and Uncertainty-Aware Mental Disorder Detection,"depression, eating disorders, sleep disorders, anxiety ",4,"propose a novel approach for detecting mental disorders, and release a question answer dataset",text,2024,EMNLP,1,6349 user posts,https://github.com/DSAIL-SKKU/CURE-EMNLP-2024,Q&A pairs,Y,https://aclanthology.org/2024.emnlp-main.994.pdf
Curating a Large-Scale Motivational Interviewing Dataset Using Peer Support Forums,"Depression, Anxiety, Suicidal",3,Study the extent to which conversational data from peer support platforms align with real therapeutic conversations and discuss in what ways they can be exploited to train therapeutic chatbots.,text,2022,International Conference on Computational Linguistics,2,~17k listeners' utterances annotated,Y - https://github.com/anuradha1992/Motivational-Interviewing-Dataset,Counseling dialogues,1/2 datasets are verified,https://aclanthology.org/2022.coling-1.293.pdf
"Detection of Mental Health Conditions from Reddit via Deep
Contextualized Representations","schizophrenia, bipolar, borderline personality disorder, PTSD, eating disorder, depression, anxiety, OCD",8,collect data and build classifiers to distinguish between disorders; both user and post-level classification.,text,2020,11th International Workshop on Health Text Mining and Information Analysis (ACL workshop),1,17.5M posts,Julia and SI worked on it,Reddit posts,N,https://aclanthology.org/2020.louhi-1.16.pdf
MotiVAte dataset,"PTSD, MDD, anxiety, OCD",4,create a virtual assistant as a first point of contact and comfort for mental health patients,text,2022,ACL: human Language Technologies,1,"7067 dialogues (4046 MDD, 1000 OCD, 1000 Anxiety, 1021 PTSD)",N,peer to peer support forum www.psychcentral.org,Y,https://aclanthology.org/2022.naacl-main.174.pdf
Classification of mental illnesses on social media using RoBERTa,"depression, ADHD, PTSD, anxiety, bipolar",5,classification of mental illnesses ,text,2021,International Workshop on Health text mining and information Analysis,1,"17159 posts, 13 subreddits",https://github.com/amurark/mental-health-classification,reddit posts,Y,https://aclanthology.org/2021.louhi-1.7.pdf
PsyVoiD,"Depression, Anxiety",2,Investigate the relationship between speech and well-being in the context of the COVID-19,Audio,2021,"43rd Annual International Conference of the
IEEE Engineering in Medicine & Biology Society (EMBC)",1,"3,242 segments
from 109 recordings",N,Audio,N,https://ieeexplore.ieee.org/stamp/stamp.jsp?arnumber=9630833
Emotional support conversation dataset,anxiety,1,Towards Emotional Support Dialog Systems,text,2021,ACL,1,"1,300 conversations with 10 topic problems.",Y,Q&A pairs,N,https://arxiv.org/abs/2106.01144
MentalChat16K,"Relationships, Anxiety, Depression, Intimacy, and Family Conflict. ",5,synthetic conversations between a counselor and a client,text,2025,ACM SIGKDD,2,"9,775 conversations with 28+ topic problems.",Y - https://huggingface.co/datasets/ShenLab/MentalChat16K,Q&A pairs,N,https://huggingface.co/datasets/ShenLab/MentalChat16K
AnnoMI,"general counseling topics (health behavior change, addiction, etc.)",1,"133 faithfully transcribed and expert-annotated demonstrations of high- and low-quality motivational interviewing (MI), an effective therapy strategy that evokes client motivation for positive change.",text,2023,Future Internet,1,133 faithfully transcribed,Y,Q&A pairs,Y,https://github.com/uccollab/AnnoMI
CounseLLMe,general/all,1,400 simulated mental health counselling dialogues between two state-of-the-art Large Language Models (LLMs).,text,2024,"Emerging Trends in Drugs, Addictions, and Health",1,400,Y,Q&A pairs,Y,https://www.sciencedirect.com/science/article/pii/S2667118225000017
Reddit C-SSRS Suicide Datase,potential suicidality,1,"focuses on suicide risk (ideation, behavior, attempts) in social media.",text,2019,The World Wide Web Conference,1,"2,181",Y,reddit posts,N,"https://zenodo.org/records/2667859#:~:text=negation%20detection%20to%20create%20a,show%20different%20severity%20of%20suicidal"
TalkLife,"depression, stress, etc",3,"10,000 forum posts and single responses from TalkLife",text,2020,EMNLP,1,"10,000",Y - https://github.com/behavioral-data/Empathy-Mental-Health,Q&A pairs,N,https://github.com/behavioral-data/Empathy-Mental-Health
Language use of depressed and depression vulnerable college students,Depression,1,"study essays written by college students who have been, are, or have never been depressed to see differences in language",Text,2004,Cognition and Emotion,1,"31 currently depressed students, 26 formerly depressed, 67 never depressed",N,"surveys, written essays",Y,https://www.tandfonline.com/doi/epdf/10.1080/02699930441000030?needAccess=true
The Psychology of Word Use in Depression Forums in English and in Spanish: Testing Two Text Analytic Approaches,Depression,1,1) Analysis of linguistic markers and themes by depressed individuals 2) Cross-cultural comparison (English and Spanish),Text,2008,ICWSM,2,1124 users,N,Foum posts,N,https://www.researchgate.net/publication/221298023_The_Psychology_of_Word_Use_in_Depression_Forums_in_English_and_in_Spanish_Testing_Two_Text_Analytic_Approaches
Psychiatry: insights into depression through normative decision-making models,Depression,1,Discover insights into dperession through decision-making models,Numbers/Text,2008,NeurIPS,1,"17 healthy controls, 15 MDD patients",N,Participants' behavior,N,https://papers.nips.cc/paper_files/paper/2008/file/d04d42cdf14579cd294e5079e0745411-Paper.pdf
AVEC 2011,Depression,1,Automatic recognition and classification of depression severity,"Audio, Video, Text",2011,1st International Workshop on Audio/Visual Emotion Challenge,1,340 sessions; ~10 minutes per participant; 30+ hours of data; ~30 subjects,Available upon request,Audio: recordings to participant speech; Video: recordings of participant face; Text: final PHQ-9 and BDI-II scores per subject (questionnaire scores),Y,https://www.researchgate.net/publication/221622197_AVEC_2011-The_First_International_AudioVisual_Emotion_Challenge
CONVERGE,MDD,1,"To provide a large, clinically-ascertained sample of Chinese women with recurrent MDD, in order to study genetic, clinical and comorbidity patterns in a more homogenous population",Speech,2012,Psychological Medicine,1,1970 female participants,N,Audio,Y,https://www.sciencedirect.com/science/article/pii/S0165032711005325
AVEC 2013,Depression,1,Predict a single depression severity score per recording,Audio + Visual,2013,3th International Workshop on Audio/Visual Emotion Challenge,1,150 video clips,Yes for registered participants,"Recordings of participants performing two tasks 1) read aloud an excerpt of the fable ""Die Sonne und der Wind"" 2) respond to one of a number of questions",N,https://opus.bibliothek.uni-augsburg.de/opus4/frontdoor/deliver/index/docId/72601/file/72601.pdf
Linguistic Indicators of Severity and Progress in Online Text-based Therapy for Depression,Depression,1,Detect depression from online therapy dialogue,Text,2014,CLPsych,1,882 treatment dialogues,N,"Cognitive Behavioral Therapy (CBT) treatment dialogues provided by Psychology Online ((http://www.psychologyonline.
co.uk)",Y in the sense that conversations are between patients and therapists,https://aclanthology.org/W14-3202.pdf
AVEC 2014,Depression,1,Predict a single depression severity score per recording,Audio + Visual,2014,4th International Workshop on Audio/Visual Emotion Challenge,1 (reused AVEC 2013 dataset),300 task recordings,Yes for registered participants,"Recordings of participants performing two tasks 1) read aloud an excerpt of the fable ""Die Sonne und der Wind"" 2) respond to one of a number of questions",N,https://dl.acm.org/doi/pdf/10.1145/2661806.2661807
SAD corpus,Depression,1,Describe the development of a comprehensive annotation scheme for manually annotating Twitter data for depression,Text,2016,Online Journal of Public Health Informatics,1,9300 tweets,N,Twitter posts,N,https://aclanthology.org/W17-3104.pdf
Monitoring Tweets for Depression to Detect At-risk Users,Depression,1,Propose an automated system that can identify as-risk users from their Twitter (through both an user-level classifier and a tweet-level classifier),Text,2017,Workshop on Computational Linguistics and Clinical Psychology: From Linguistic Signal to Clinical Reality,3,"156,612 tweets",Y,Twitter posts,N,https://aclanthology.org/W17-3104.pdf
Semi-Supervised Approach to Monitoring Clinical Depressive Symptoms in Social Media,Depression,1,Detect depressive symptoms through tweets,Text,2017,IEEE/ACM International Conference on Advances in Social Networks Analysis and Mining,1,Twitter posts of 4000 users (2000 with self-reported depression symptoms and 2000 random users who do not have depression terms in their profile descriptions),N,Twitter posts,N,https://arxiv.org/pdf/1710.05429
A Corpus Analysis of Social Connections and Social Isolation in Adolescents Suffering from Depressive Disorders,Depression,1,Identify topics relevant to social connection and isolation by analyzing clinicla notes from in-patients with depression diagnosis,Text,2017,CLPsych,1,145 clinical notes,N,Clinical notes of in-patients with depression diagnosis,Y,https://aclanthology.org/W17-3103.pdf
RSDD,Depression,1,Identify self-harm risk in support forums and detect users with self-reported depression on general forums,Text,2017,EMNLP,2 (1 is CLPsych'16 dataset),"RSDD (Reddit): 9,210 diagnosed users + 107,274 controls; avg 969 posts/user (median 646), mean 148 tokens/post",Controlled access (data use agreement): ir.cs.georgetown.edu/resources/rsdd.html,Reddit posts,N,https://aclanthology.org/D17-1322.pdf
Identifying depression on Reddit: the effect of training data,Depression,1,Identifying depression from linguistics data,Text,2018,EMNLP,6,400 blog posts,https://github.com/Inusette/Identifying-depression,Reddit posts,N,https://aclanthology.org/W18-5903.pdf
eRisk 2018,Depression,1,Early detection of signs of depression,Text,2018,CLEF,1,Train: 106 users; Test: 749 users,N,Social Media user profiles (unclear which specific Social Media website),N,https://www.researchgate.net/publication/319137207_eRISK_2017_CLEF_Lab_on_Early_Risk_Prediction_on_the_Internet_Experimental_Foundations
Cross-cultural differences in language markers of depression online,Depression,1,Explore cultural differences in online language data of users with depression,Text,2018,CLPsych,1,"conversations of 1,593 users",N,"Conversations from 7 Cups of Tea, an anonymous online, chat-based peer support community for emotional distress",N,https://aclanthology.org/W18-0608.pdf
Detecting Linguistic Traces of Depression in Topic-Restricted Text: Attending to Self-Stigmatized Depression with NLP,Depression,1,Using ML algorithms to detect depression both with and without depression-related cues,Text,2018,LCCM,1,"12,106 Reddit user, totaling 149,089,719 words; 4,947 depressed users and 7,159 non-depressed users",N,Reddit posts,N,https://aclanthology.org/W18-4102.pdf
eRisk 2019,Depression,1,Measuring the severity of the signs of depression,Text,2019,CLEF,1,20 Users,N,Users social media posts and questionnaires filled out by them (derived from the Beck's Depression Inventory),N,https://erisk.irlab.org/2019/index.html
Depressed Individuals Use Negative Self-Focused Language When Recalling Recent Interactions with Close Romantic Partners but Not Family or Friends,Depression,1,Explore how the linguistic profile of depression differs by type of relationship,Text,2019,CLPsych,1,221 students' survey answers,N,Online survey done by Texas Tech University undergraduates enrolled in a general psychology course,N,https://aclanthology.org/W19-3008.pdf
D2S,Depression,1,Identify depressive symptomps in tweets using he auxiliary task of figurative usage detection,Text,2020,COLING,1,"5,000 users - 12,155 tweets, with 3738 tweets annotated with 9 PHQ-9 symptom classes",N,Twitter posts,Y,https://aclanthology.org/2020.coling-main.61.pdf
Gender and Racial Fairness in Depression Research using Social Media,Depression,1,Use social media data to see if mental health diagnosis has a gender or racial bias,Text,2021,EACL,2,"CLPsych - 475 depression users, 475 control group, 900 total users, 3000 most recent tweets from each user, and Multitask - 1400 depression users, 1400 control",N,Twitter posts,N,https://aclanthology.org/2021.eacl-main.256.pdf
MotiVAte,Depression (Major Depressive Disorder),1,"A large-scale dataset that consists of dyadic conversations between a depressed user and a virtual assistant (VA) (imparting hope and motivation), aiming to help ",Text,2021,International Joint Conference on Neural Networks (IJCNN),1,4000 dialogues,N,conversations scraped from www.psychcentral.org,Y - consulted a psychiatrist for creating guidelines for modifying the conversations,https://ieeexplore.ieee.org/stamp/stamp.jsp?tp=&arnumber=9533924
A Dataset for Research on Modelling Depression Severity in Online Forum Data,Depression,1,Focus on depression severity evaluation from online forum data,Text,2021,International Conference Recent Advances in Natural Language Processing (RANLP),1,not mentioned,N,Forum posts from 1) Beyond Blue Online Forum 2) Understand Forum 3) 7 Cup Forum 4) Depression Forums,Y - annotated by two psychological experts,https://aclanthology.org/2021.ranlp-srw.20.pdf
D^4,Depression,1,"a Chinese dialogue dataset simulating authentic doctor-patient consultations following clinical guidelines (ICD-11, DSM-5)",Text,2022,EMNLP,1,1339 dialogues,Available upon request https://x-lance.github.io/D4/,Simulated patient-doctor conversations,Y - guidance of psychiatrists during data collection,https://aclanthology.org/2022.emnlp-main.156.pdf
DepSign – LT-EDI @ ACL 2022,Depression,1,Classify social media posts into depression severity,Text,2022,LT-EDI Workshop @ ACL 2022,1,"16,632 posts — Train 8,891, Dev 4,496, Test 3,245; class totals: Not 4,649, Moderate 10,494, Severe 1,489",Participant download via CodaLab,Reddit posts,N,https://aclanthology.org/2022.ltedi-1.51.pdf
EATD Corpus,Depression,1,For automatic depression detection,Audio + Text,2022,ICASSP,1,162 students: 30 depressed and 132 non-depressed; overall duration of 2.26 hours response audios ,https://github.com/speechandlanguageprocessing/ICASSP2022-Depression,Interviews conducted by a virtual interviewer,N (but an SDS questionnaire was used to differentiate depressed and non-depressed participants),https://arxiv.org/pdf/2202.08210
eRisk 2023,Depression,1,Early risk prediction on the Internet,Text,2023,CLEF,1,"3,807,114 sentences",Possibly available upon request,Social Media posts,N,https://erisk.irlab.org/2023/index.html
DepSign – LT-EDI @ RANLP 2023,Depression,1,Classify social media posts into depression severity,Text,2023,LT-EDI Workshop @ RANLP 2023,1,"10,945 posts — Train 7,201, Dev 3,245, Test 499; class counts (Train/Dev/Test): Not 2755/848/136, Moderate 3678/2169/275, Severe 768/228/88",Participant download via CodaLab,Reddit posts,N,https://aclanthology.org/2023.ltedi-1.4.pdf
The Androids Corpus,Depression,1,Depression detection from speeches,Audio,2023,Interspeech,1,"118 native Italian speakers (64 diagnosed with depression, 54 as control participants)",https://github.com/androidscorpus/data,Audios of 1) reading task and 2) interview task,Y,https://www.isca-archive.org/interspeech_2023/tao23_interspeech.pdf
A Novel Technique for Detecting Depressive Disorder: A Speech Databse-Based Approach,Depressive disorder,1,Automatic Depression Detection (ADD) via speech,Audio,2023,International Conference of the IEEE Engineering in Medicine & Biology Society (EMBC),1,58 Subjects,N,Speech samples in the Indic Bengali language,Y - assess by a clinical psychiatrist,https://ieeexplore.ieee.org/stamp/stamp.jsp?tp=&arnumber=10341118
Thai-Maywe,Depression,1,Depression detection using multi-modal information,Text + Audio + Visual,2023,AAAI Summer Symposium Series,1,83 participants' audio recordings; 21 with facial data,N,Questionnaire questions and freeform questions,Y - a medical professional is observing each participants as they use the application,https://ojs.aaai.org/index.php/AAAI-SS/article/view/27465/27238
"A Multimodal Investigation of Speech, Text, Cognitive and Facial Video Features for Characterizing Depression With and Without Medication",Depression,1,Characterize depression severity and antidepressant use effects using a cloud-based multimodal dialog system; explore which features differ by severity and by medication status,"Audio, Text, Facial Video",2023,Interspeech,1,269 participants (118 no-med; 151 med),N,"Multimodal recordings: read/automatic/spontaneous speech; facial landmarks; ASR transcripts; cognitive task scores (word recall, digit spans), sampled at 44.1 kHz audio",N,https://www.isca-archive.org/interspeech_2023/campbell23_interspeech.pdf
"Bayesian Networks for the robust and unbiased prediction of depression and
its symptoms utilizing speech and multimodal data",MDD,1,"Jointly predict MDD and individual symptoms using a multimodal Bayesian Network; handle missing data, fuse modalities, and reduce demographic bias","Audio, Facial",2023,Interspeech,1,"1,336 participants after exclusions",N,"mage Description (video + speech), Paragraph Reading (read speech), n-Back cognitive game",N,https://www.isca-archive.org/interspeech_2023/fara23_interspeech.pdf
"Diverse Perspectives, Divergent Models: Cross-Cultural Evaluation of Depression Detection on Twitter",Depression,1,Audit cross-cultural generalization of Twitter depression-detection models; introduce a geo-located cross-country evaluation set,Text,2024,NAACL,3 (CLPsych 2015 depression; “MTL” Twitter depression; new cross-cultural evaluation set),"Training sources: CLPsych train/val: 327/150 depressed, 570/301 controls; MTL train/val: 1,520/320 depressed, 1,520/320 controls. Evaluation set (new): 531 users (267 depressed, 264 controls) from 7 countries.","Evaluation set: GroupLens page (research use): https://grouplens.org/datasets/twitter-depression-dataset-2024/
 • CLPsych 2015: shared-task data (application/agreements) • MTL: prior Twitter depression dataset (see paper).",Social media (Twitter/X) user timelines (English); geo-located users,Evaluation set disclosures manually verified by human raters (κ=0.65); phrases originally vetted by psychologists in prior work referenced by authors.,https://aclanthology.org/2024.naacl-short.58.pdf
Clinically-Labelled with Individual symptoms of Depression (CLIND) dataset,Depression,1,Explore using self-supervised embeddings for detecting depression,Audio,2024,Interspeech,1,25471 segments,N,Speech samples of participants who were asked to speak about their experiences from the past few weeks with different prompts,Y - rated by trained clinicians using the MADRS,https://www.isca-archive.org/interspeech_2024/dumpala24b_interspeech.pdf
Depression Enhances Internal Inconsistency between Spoken and Semantic Emotion: Evidence from the Analysis of Emotion Expression in Conversation,Depression,1,Study the consistency between spoken and semantic emotion in depressed patients,Audio,2024,Interspeech,1,"210 participants: 68 mild depressed, 72 moderate depressed, and 70 healthy",N,Interviews with a psychiatrist or psychologist,Y - diagmosed by a professional psychiatrist,https://www.isca-archive.org/interspeech_2024/wu24j_interspeech.pdf
Reference Interval Dataset,Major Depressive Disorder,1,Show the value of RI-derived features for MDD detection,Audio,2025,Interspeech,3,unknown,N,speech,N,https://www.isca-archive.org/interspeech_2025/white25b_interspeech.pdf
Emotion-Guided Graph Attention Networks for Speech-Based Depression Detection under Emotion-Inducting Tasks,Depression,1,Explore depression detection from speech produced under emotion-inducing tasks through graph attention networks ,Audio,2025,Interspeech,1,"70 with depression, 70 healthy; each participant produced 5 recordings -> 840 speech samples total",N,Speech samples from 2 emotion-inducing tasks 1) text reading and 2) picture description,N (but the 70 participants with depression have been diagnosed according to the paper),https://www.isca-archive.org/interspeech_2025/zhou25f_interspeech.pdf
Vocal Mind dataset (VMD),Depression,1,Analyze the application of test-time training (TTT) to improve the robustness of depression detection against distributional shifts,Audio,2025,Interspeech,1,speech samples from 559 (401 female and 158 male) participants; train: 417 (307 female and 110 male) recordings; test: 142 (94 female and 48 male) recordings,N,Participants prompted to speak about their experiences from the past few weeks,N,https://www.isca-archive.org/interspeech_2025/dumpala25_interspeech.pdf
Towards the Objective Characterisation of Major Depressive Disorder Using Speech Data from a 12-week Observational Study with Daily Measurements,Major Depressive Disorder,1,Explore associations between depression symptom severity and 38 acoustic and cognitive features from longitudinal data ,Audio,2025,Interspeech,1,3374 clean audio sessions from 71 participants,N,"longitudinal speech, collected daily for 12 weeks",Y - weekly HDRS scores are collected by clinicians,https://www.isca-archive.org/interspeech_2025/lewis25_interspeech.pdf
Can Speech Accurately Detect Depression in Patients with Comorbid Dementia? An Approach for Mitigating Confounding Effects of Depression and Dementia,Depression,1,Detect depression from speech in patients with and without comorbid dementia; mitigate dementia confounding via Wasserstein-distance feature masking,Audio,2025,Interspeech,1,"416 participants (167 healthy, 41 depression-only, 167 cognitive-decline only, 41 both)",N,Read speech (“Grandfather Passage”),Cognitive decline diagnosed by clinicians; depression via PHQ-9 (self-report),https://www.isca-archive.org/interspeech_2025/young25_interspeech.pdf
"Linguistic Analaysis of the Speech Output of the Schizophrenic, Bipolar, and Depressive patients","bipolar disorder, schizophrenia, depression",3,"see if BD, MDD, or SZ are falsely diagnosed as being the other mental illness (BD was found to have to most misdiagnoses)",transcription,2002,Karger,1,"484 subjects, 186 diagnosed SZ, 187 BD, and 111 MDD",N,speech recordings,N,https://karger.com/psp/article-pdf/35/4/220/3488653/000063831.pdf
Quantifying Mental Health Signals in Twitter,"depression, bipolar, PTSD, SAD",4,"use Twitter data, analyze self expression of mental diagnosis",text,2014,ACL,1,"bipolar - 992k tweets, depression. - 1m tweets, PTSD - 573k tweets, SAD - 421k tweets, Control - 13.7m tweets",data from twitter API from 2008-2013,twitter posts,N,https://aclanthology.org/W14-3207.pdf
Distress Analysis Corpus of human and computer interviews,"for PTSD/depression, but can be used for any",2,create a corpus with different types of interviews for analysis,"audio, video, and depth sensor recordings of interviews",2014,LREC,1,621 interviews ,"shared on a case by case basis, can request access",videos,Y,http://www.lrec-conf.org/proceedings/lrec2014/pdf/508_Paper.pdf
From ADHD to SAD: Analyzing the Language of Mental Health on Twitter through Self-Reported Diagnoses,"ADHD, Anxiety, Bipolar, Borderline, Depression, Eating, OCD, PTSD, Schizophrenia, Seasonal Affective",10,Explore language differences between ten conditions with respect to 1) the general population and 2) to each other,text,2015,ACl - CLPsych,11,# of users; median number of tweets; total for each condition,N,"Twitter posts (self-reported, between 2008-2015)",N,https://aclanthology.org/W15-1201.pdf
The Language of mental health problems in social media,"addiction, anxiety, asperger's, autism, bipolar, dementia, depression, schizophrenia, self harm, suicide ideation",10,study language features that are characteristic for individual mental health conditions using large scale data,text,2016,ACL - CLPsych,2 - comments and posts,3m comments and posts,"Y -  https://redd.it/
3mg812 (posts), https://redd.it/3bxlg7 (comments)",Reddit posts/comments,N,https://aclanthology.org/W16-0307.pdf
UMD Reddit Suicidality Dataset,suicide risk,1,Detect suicidal ideation and assess suicide risk from Reddit posts,text,2018,ACL - CLPsych,1,posts from 11k users,N,reddit posts,N,https://aclanthology.org/W18-0603/
Turkish Audio Visual Bipolar Disorder Corpus,bipolar disorder,1,create an annotated corpus for bipolar disorder state classification,video,2018,ACII Asia,1,"51 patients (male, female)",available upon request,recordings,Y,https://www.researchgate.net/publication/327852885_The_Turkish_Audio-Visual_Bipolar_Disorder_Corpus
SMHD - A large scale resource for exploring online language usage for multiple mental health conditions ,"ADHD, anxiety, autism, bipolar, borderline, depression, ocd, ptsd, schizophrenia, seasonal affective depression",10,"identify self-reported diagnoses of nine different mental health conditions, and obtain high-quality labeled data without the need for manual labelling",text,2018,ACL,1,"115,000k posts",Self-Reported Mental Health Diagnoses (SMHD) dataset,reddit posts,N,https://aclanthology.org/C18-1126.pdf
Searching Brazilian Twitter for signs of mental health issues,"depression, anxiety, bipolar, panic disorders",4,build a corpus to help identify mental health issues in portuguese,text,2020,LREC,1,"224 users, 616,369 messages",N,brazil twitter posts,Y,https://aclanthology.org/2020.lrec-1.750.pdf
Suicidal Ideation and Mental Disorder Detection with Attentive Relation Networks,"Suicidal Ideation, Depression, Bipolar, PTSD",4,Detect suicidal ideation and mental disorders with related risk indicators using relation networks (equipped with the attention mechanism to prioritize more critical relational features),text,2021,Neural Computing and Applications,"3 (one public dataset, one firstly collected, one combined from several existing data sources), the one in this row is from Twitter",4800 tweets,https://www.cs.jhu.edu/~mdredze/datasets/clpsych_shared_task_2015/ request from this link,Twitter,Y,https://arxiv.org/pdf/2004.07601
Reddit SWMH Dataset,"Suicidal Ideation, Depression, Anxiety, Bipolar",4,Detect and classify multiple mental health conditions from Reddit text,text,2021,Neural Computing and Applications,1,"54,412 posts",https://www.reddit.com/dev/api,Reddit posts,N,https://arxiv.org/pdf/2004.07601
Understanding who uses Reddit: profiling individuals with a self reported bipolar disorder diagnosis,bipolar disorder,1,see which types of individuals identify themselves as being bipolar on reddit,text,2021,ACL,1,all reddit posts until 2019 downloaded,"Y - reddit API, user id retrieved using https://github.com/praw-dev/praw",reddit posts,N,https://aclanthology.org/2021.clpsych-1.1.pdf
Classification of mental illnesses on social media using RoBERTa,"depression, anxiety, bipolar, ADHD, PTSD",5,automate mental health detection,text,2021,ACL,1,17159 posts,https://github.com/amurark/mental-health-classification,reddit posts,N,https://aclanthology.org/2021.louhi-1.7.pdf
Towards Intelligent Clinically Informed Language Analyses of people with Bipolar Disorder and Schizophrenia,"Bipolar Disorder, Schizophrenia",2,Identify lignuistic correlates between diagnostic groups of schizophrenia and bipolar,transcript/feature data (numerical),2022,ACL - EMNLP,1,644 subjects (1288 transcript),Y - https://github.com/ankitaich09/EMNLP_2022,"SSPA (Social Skills Performance Assessment), a conversation between a participant and examiner",Y,https://aclanthology.org/2022.findings-emnlp.208.pdf
Twitter-STMHD: An Extensive User-Level Database of Multiple Mental Health Disorders,"3 Depressive Disorders including Depression, Major-Depressive Disorder (MDD), Post-Partum Depression (PPD); PTSD, AHDH, Anxiety, Bipolar, OCD ",8,"1) Instead of being a corpus of tweets, a collection of user-profiles that can be used to analyze temporal information 2) Captures the tweeting acivity of users suffering from mental health disorders during COVID",text,2022,AAAI Conference on Web and Social Media,1,25860 unique user profiles who belong to at least one of the 8 disorder categories; 8000 control user profiles,https://zenodo.org/records/6409736,Twitter user profiles and posts,N,https://ojs.aaai.org/index.php/ICWSM/article/view/19368/19140
"Symptom Identification for intepretable detection of multiple mental disorders on social media, Dataset called ""PySym""",general/all,1,identify symtpoms of mental disorders through social media posts,text,2022,ACL - EMNLP,1,8554 reddit post sentences,Code at https://github.com/blmoistawinde/EMNLP22-PsySym Dataset can be provided upon request,reddit posts,Y,https://aclanthology.org/2022.emnlp-main.677.pdf
Identifying moments of change from longitudinal user text,general/all,1,identifying moments of change in peoples lives and how that relates to predicting mental health disorders,text,2022,ACL,1,"12.3 M posts, 1.1M user",need permission,posts from talklife.com,Y,https://aclanthology.org/2022.acl-long.318.pdf
"From Stigma to Support: A Parallel Monolingual corpus and NLP approach for neutralizing mental illness bias, Dataset is called ""Mental Illness Neutrality Corpus""",general/all,1,neutralizing mental illness bias with accuracy of 98%,text,2023,ACL,1,5500+ phrases/pieces of text,https://github.com/masonchoey/from-stigma-to-support,sentence pairs,N,https://aclanthology.org/2023.ranlp-1.28.pdf
Detecting bipolar disorder from misdiagnosed major depressive disorder with mood aware mutli task learning,bipolar disorder,1,create a dataset which differentiates people with BD from people with MDD,Text,2024,NAACL,1,7346 posts written by 1025 users,BD-risk: https://github.com/DSAIL-SKKU/Detecting-BD-from-Misdiagnosed-MDD_NAACL_2024,Reddit Posts,"Y - annotated with researchers knowledgeable in mental health, validated with psyhciatrist and clinical psychologist",https://aclanthology.org/2024.naacl-long.278.pdf
Predicitve and Distinctive lingusitic features in schizophrenia bipolar specturm disorders,"bipolar disorder, and schizophrenia",2,identify distinctive linguistic features in these patient groups and controls,transcription,2024,ACL,1,recordings from 77 participants,N - need permission from Hungary (they got permission to use the Hungarian Database),transcription,Y,https://aclanthology.org/2024.lrec-main.1133.pdf
"Detecting schizophrenia, bipolar disorder, psychosis vulnerability and major depressive disorder from 5 minutes of online collected speech","bipolar disorder, schizophrenia, MDD",3,see if disorder can be classified using speech,audio,2024,MedRxiv,1,"1140 participants, 22,650 minutes of speech",N,speech,N,https://www.medrxiv.org/content/10.1101/2024.09.03.24313020v1.full-text
Using LLMs to aid annotation and collection of clinically enriched data in BD and schizophrenia,"BD, schizophrenia",2,clinically annotate a previously known dataset and expand with a model as well,text ,2025,ACL,1,interviews from 644 participants,N,interviews,Y,https://aclanthology.org/2025.clpsych-1.15.pdf
PRIORI Dataset,bipolar disorder,1,look at emotion and moods of bipolar disorder patients,speech,2023,Interspeech,1,1022 calls from 47 subjects,N,phone calls ,Half is verified,https://www.isca-archive.org/interspeech_2023/niu23b_interspeech.pdf
AMoss Interview Dataset,"bipolar disorder, borderline personality disorder",2,provide insights into automatic screening of BD and BPD,"audio, text",2020,Interspeech,1,62 participants,N,interview,Y,https://www.isca-archive.org/interspeech_2020/wang20e_interspeech.pdf
"Making a Distinction between Schizophrenia and Bipolar Disorder
Based on Temporal Parameters in Spontaneous Speech","bipolar disorder, schizophrenia",2,look at similarity between bipolar and sz patients,speech,2020,Interspeech,1,40 subjects of BD and SZ,N,"interview/survey, asked about their day",N,https://www.isca-archive.org/interspeech_2020/gosztolya20b_interspeech.pdf
"Auditory-visual speech perception in bipolar disorder: behavioural data and
physiological predictions",bipolar disorder,1,analyze bipolar auditory-visual speech ,auditory-visual,2019,Interspeech,1,44 subjects ,N,recordings of words,Y,https://www.isca-archive.org/avsp_2019/erdener19_avsp.pdf
"Objective Assessment of Social Skills Using Automated Language Analysis for
Identification of Schizophrenia and Bipolar Disorder","bipolar disorder, schizophrenia",2,analyze diagnostic value of speech and language features ,text,2019,Interspeech,1,"87 subjects, 22 controls",N,SSPA task (interview task),Y,https://www.isca-archive.org/interspeech_2019/voleti19_interspeech.pdf
PRIORI Emotion Dataset (subset of PRIORI dataset),bipolar disorder,1,monitor mood of bipolar disorder patients,speech,2018,Interspeech,1,12 subjects,N,interviews/conversation,Y,https://www.isca-archive.org/interspeech_2018/khorram18_interspeech.pdf
A Bi-pyramid multimodal fusion method for the diagnosis of bipolar disorders,bipolar disorder,1,utilize sMRI and fMRI data to improve bipolar disorder diagnosis,"fMRI, MPRAGE",2024,"Not specified, Interspeech?",2,91 samples,N,fMRI and T1 weighted Anatomical MPRAGE,Y,https://arxiv.org/pdf/2401.07571
Open fMRI datset,bipolar disorder,1,"proposing multimodal diagnosis
model for bipolar disorder",fMRI,2024,Interspeech,1,171 samples,"https://openfmri.org/dataset/
ds000030/",fMRI,Y,https://arxiv.org/pdf/2401.07571
"Clinical decision support for bipolar depression using large
language models",bipolar disorder,1,analyzing clinical decision making of llms,text,2024,American College of Neuropsychopharmacology,1,50 case reports,N,clinical vignettes,Y,https://www.nature.com/articles/s41386-024-01841-2
Semantic abnormalities in schizophrenia and bipolar disorder: A natural language processing approach,"bipolar disorder, schizophrenia",2,looking at language abnormalities in bipolar and schizophrenia patients,text,2025,Science Progress (Google Scholar),1,~150 participants,N,surveys/assessments,Y,https://journals.sagepub.com/doi/epub/10.1177/00368504241308309
"Towards Understanding Bipolar Disorder Through Social Media and Transformer Models:
Challenges and Insights (RSDD dataset)",bipolar disorder,1,detecting bipolar disorder using llms,text,2025,medRxiv (Google Scholar),1,9000 participants,N,reddit posts,N ,https://www.medrxiv.org/content/10.1101/2025.03.05.25323466v2.full.pdf+html
Linguistic trajectories of bipolar disorder on social media,bipolar disorder,1,study language trajectories from 3 to 21 years after diagnosis,text,2025,Cornell University (Google Scholar),1,"200,000 posts",N,reddit posts,not peer reviewed,https://arxiv.org/pdf/2509.10035
"Detection of Bipolar Disorder on Social Media Data
Utilizing Biomedical, Clinical and Mental Health
Domain Fine-Tuned Word Embeddings",bipolar disorder,1,"classifying depression, BD, and control from posts",text,2024,IEEE,1,2700 users,N,twitter,N,https://ieeexplore.ieee.org/stamp/stamp.jsp?tp=&arnumber=10628576
"Assessing population-level symptoms of anxiety, depression, and suicide
risk in real time using NLP applied to social media data","Depression, anxiety",2,Use twitter data to see how health care professionals depression and anxiety levels were changed during the 2020 pandemic,text,2020,NLP+CSS,1,25040 participants,N,Twitter posts,N,https://aclanthology.org/2020.nlpcss-1.6.pdf
From ADHD to SAD: Analyzing the Language of Mental Health on Twitter through Self-Reported Diagnoses,"ADHD, Anxiety, Bipolar, Borderline, Depression, Eating, OCD, PTSD, Schizophrenia, Seasonal Affective",10,Explore language differences between ten conditions with respect to 1) the general population and 2) to each other,text,2015,CLPsych,11,# of users; median number of tweets; total for each condition,N,"Twitter posts (self-reported, between 2008-2015)",N,https://aclanthology.org/W15-1201.pdf
Reddit SWMH Dataset,"Suicidal Ideation, Depression, Anxiety, Bipolar",4,further the study of mental disorders and suicidal ideation,text,2022,Neural Computing and Applications,1,"54,412 posts",N - availble upon request,Reddit posts,N,https://zenodo.org/records/6476179
Twitter-STMHD: An Extensive User-Level Database of Multiple Mental Health Disorders,"3 Depressive Disorders including Depression, Major-Depressive Disorder (MDD), Post-Partum Depression (PPD); PTSD, AHDH, Anxiety, Bipolar, OCD ",8,"1) Instead of being a corpus of sweets, a collection of user-profiles that can be used to analyze temporal information 2) Captures the tweeting acivity of users suffering from mental health disorders during COVID",text,2022,AAAI Conference on Web and Social Media,1,25860 unique user profiles who belong to at least one of the 8 disorder categories; 8000 control user profiles,https://zenodo.org/records/6409736,Twitter user profiles,N,https://ojs.aaai.org/index.php/ICWSM/article/view/19368/19140
Large Scale Analysis of Counseling Conversations: An Application of NLP to Mental Health,"depression, self harm, suicidal thoughts, anxiety, etc",5,study conversations with counselors using LLMs to see how these conversations can be improved ,text,2016,TACL,1,"80,885 conversations, 3.2 million messages, 408 counselors",https://snap.stanford.edu/counseling/,SMS conversations with counselor service,N,https://aclanthology.org/Q16-1033.pdf
The Language of mental health problems in social media,"addiction, anxiety, asperger's, autism, bipolar, dementia, depression, schizophrenia, self harm, suicide ideation",10,study language features that are characteristic for individual mental health conditions using large scale data,text,2016,CLPsych,2 - comments and posts,3m comments and posts,"Y -  https://redd.it/
3mg812 (posts), https://redd.it/3bxlg7 (comments)",Reddit posts/comments,N,https://aclanthology.org/W16-0307.pdf
Toward Digital Phenotypes of Early Childhood Mental Health via Unsupervised and Supervised Machine Learning,"ADHD, Anxiety, Depression",3,Detect ADHD/anxiety/depression in children using supervised and clustering techniques,Physiological,2023,IEEE Engineering in Medicine & Biology Society (EMBC),1,84,N,Wearable sensor-derived data,N,https://ieeexplore.ieee.org/document/10340806
Dreaddit: A Reddit Dataset for Stress Analysis in Social Media,Stress,1,Identify stress from lengthy multi-domain social media data,text,2019,International Workshop on Health Text Mining and Information Analysis (LOUHI),1,"3553 labeled data points from 2929 posts (1857 ""stressful"")",https://www.cs.columbia.edu/~eturcan/data/dreaddit.zip,"Reddit posts (from 10 subreddits in five domains: abuse, social, anxiety, PTSD and financial)",N,https://aclanthology.org/D19-6213/
"Google Form for Students in Bhopal, India","Stress, Anxiety, Depression",3,Generating summaries of psychological conversations,text,2025,31st International Conference on Computational Linguistics (COLING 2025) ,1,405,https://huggingface.co/SIR-Lab/MSE_Summarizer,Google Form Questionnaire Submissions,Yes - Done with the presence of 2 certified clinicians,https://aclanthology.org/2025.coling-main.182.pdf
ArmanEmo Dataset,"Stress, Anxiety, Depression",3,Develop culturally sensitive Persian chatbot,text,2025,AbjadNLP 2025 (part of COLING 2025),1,7000,https://paperswithcode.com/dataset/armanemo,"Twitter, Instagram, Digikala (Iranian e-commerce company)",N,https://aclanthology.org/2025.abjadnlp-1.8.pdf
ANXIETY-COVID19 Dataset,Severe Anxiety (in relation to COVID-19),1,Build pipeline to automatically detect tweets with signs of intense/extreme anxiety,text,2021,JEP/TALN/RECITAL 2021,1,1032,https://github.com/echen102/COVID-19-TweetIDs,French language tweets,N,https://aclanthology.org/2021.jeptalnrecital-taln.21.pdf
Custom-labeled conversational corpus of Cognitive Behavioral Therapy (CBT),Depression and Anxiety,2,Automatically generate context-aware therapeutic responses to cognitive distortions displayed by users,text,2021,4th International Conference on Natural Language and Speech Processing (ICNLSP 2021),1,100,N,Annotated text dialogues,N,https://aclanthology.org/2021.icnlsp-1.13.pdf
Online self help group interactions,Depression and Anxiety,2,Qualitative discourse analysis of communication patterns in self-help groups,text,2018,PACLIC 32 (2018),1,1922,N,Online self-help group posts,N,https://aclanthology.org/Y18-1093.pdf
Oncology Dialogue tagging systems,Anxiety and Depression in Cancer Patients,2,Identify effective parameters and tagsets that could enhance understanding and training in oncological communication,text,2001,The Second SIGdial Workshop on Discourse and Dialogue (SIGDIAL 2001),unknown,unknown,N,dialogue transcripts from interactions between healthcare professionals and cancer patients,Yes - oncological and clinical professionals present for both data collection and annotation,https://aclanthology.org/W01-1627.pdf
Reddit Social Anxiety Dataset,Social Anxiety Disorder,1,identify and measure the prevalence of emotional and physical symptoms of social anxiety by analyzing Reddit posts using a BART-based multi-label zero-shot classification approach,text,2024,9th Workshop on Computational Linguistics and Clinical Psychology (CLPsych 2024),1,"12,277","r/EDAnonymous, r/addiction, r/alcoholism, r/adhd, r/anxiety, r/autism, r/BipolarReddit, r/bpd, r/depression, r/healthanxiety, r/lonely, r/ptsd, r/schizophrenia, r/socialanxiety, and r/SuicideWatch.",Reddit posts on 15 different sub-reddits,N,https://aclanthology.org/2024.clpsych-1.11.pdf
Detecting a Proxy for Potential Comorbid ADHD in People Reporting Anxiety Symptoms from Social Media Data,"Anxiety, Comorbit ADHD",2,To explore whether Transformer-based classifiers can detect individuals likely to develop ADHD after initially reporting anxiety,text,2024,9th Workshop on Computational Linguistics and Clinical Psychology (CLPsych 2024),1,17159,"All posts were scraped from the Anxiety and ADHD subreddits from the dates February 16, 2020 to Nov 28, 2022",Reddit posts from subreddits for anxiety and ADHD (for a proxy),N,https://aclanthology.org/2024.clpsych-1.14.pdf
Dravidian Stress Detection Dataset,"Stress, Anxiety, Depression",3,"To develop supervised machine learning models (e.g., SVM, Random Forest) that can identify stress in short text (likely social media posts) in Tamil and Telugu.",text,2024,"Fourth Workshop on Language Technology for Equality, Diversity, Inclusion (LT‑EDI 2024)",2 - 1 in Tamil and the other in Telugu,6524; 6147,No,Social media posts in Tamil and Telugu,N,https://aclanthology.org/2024.ltedi-1.37.pdf
Using Daily Language to Understand Drinking: Multi-Level Longitudinal Differential Language Analysis,Depression and Anxiety,2,introduction of a sequential forecasting model that leverages language to accurately predict the number of alcoholic drinks a person will consume within a 24-hour window,text,2024,9th Workshop on Computational Linguistics and Clinical Psychology (CLPsych 2024),1,242,No,"Survey responses from US resteraunt and hospitality workers (bartenders, waitresses, etc)",N,https://aclanthology.org/2024.clpsych-1.10.pdf
Quora and Reddit Panic and Anxiety Dataset,Panic and anxiety,2,analyze a dataset of social media posts to explore linguistic differences between panic and anxiety,text,2024,9th Workshop on Computational Linguistics and Clinical Psychology (CLPsych 2024),1,"1,502 from Quora (526 panic, 976 anxiety posts); 428 from Reddit (187 panic, 241 anxiety posts)",https://github.com/SandraMNE/QRPanicAnxiety,Text-based data from Quora and Reddit,N,https://aclanthology.org/2024.clpsych-1.12.pdf
Textual and non-textual dataset for anxiety and depression in Portuguese ,Anxiety and Depression ,2,Understand the importance of both textual and non-textual data when using ML models to help classify mental disorders,text,2023,PROPOR 2024,2 (textual dataset and non-textual dataset),"46.8 million Tweets; 18,819 unique users ",No ,Twitter users and their tweets,N ,https://aclanthology.org/2024.propor-1.52.pdf
Reddit posts from 5 different subreddits ,"depression, anxiety, bipolar disorder, ADHD and PTSD",5,to classify mental illness posts on social media thereby enabling users to seek appropriate help,text,2021,12th International Workshop on Health Text Mining and Information Analysis (2021),1 (from 5 different subreddits and 1 group in the general reddit),17159 Reddit posts accessed through their API,No,Reddit posts    ,N,https://aclanthology.org/2021.louhi-1.7.pdf
"In an Absolute State: Elevated Use of Absolutist Words Is a Marker Specific to Anxiety, Depression, and Suicidal Ideation","Anxiety, Depression, PTSD, Schizophrenia, Bipolar, Suicidal Ideation",6,To determine if the use of absolutist thinking is strongly coorelated with instances of the aformentioned mental health disorders,text,2018,APS,1,63 different social media forums,Y - https://figshare.com/articles/dataset/Stats_-_In_an_Absolute_State_xlsx/4743547?file=7749943 (the analysis of the data) There is a link to the text files but it leads to nothing.,Social media posts,N,https://journals.sagepub.com/doi/10.1177/2167702617747074
Predicting Treatment Outcome from Patient Texts: The Case of Internet-Based Cognitive Behavioural Therapy,"Depression, Social Anxiety Disorder, Panic Disorder",3,To investigate whether text classification techniques applied to patients’ messages during internet-based cognitive behavioral therapy (iCBT) can predict treatment outcomes,text,2021,EACL 2021,1,"6821 patients and 180,017 free texts",No,Text messages from patients in internet-based CBT,N,https://aclanthology.org/2021.eacl-main.46.pdf
Multi-Task Learning for Mental Health using Social Media Text,"Suicide Attempt, anxiety, depression, eating disorder, panic
attacks, schizophrenia, bipolar disorder, and posttraumatic stress disorder (PTSD)",8,multi-task learning for detecting suicide risk and mental health conditions.,text,2017,EACL 2017,1,~33.8m tweets ,No ,Tweets ,N,https://aclanthology.org/E17-1015.pdf
Linking Language-based Distortion Detection to Mental Health Outcomes,"Depressed mood, thought disorder, emotional drain/stress, anxiety",4,empirically evaluate whether language-detected distortions do in fact show connections to expected mental health outcomes over both clinical interviews as well as standard selfreport assessments.,text,2025,CLPsych 2025 ,2,1123 participants,N,Textual self reports ,N,https://aclanthology.org/2025.clpsych-1.5.pdf
A Systematic Evaluation of LLM Strategies for Mental Health Text Analysis: Fine-tuning vs. Prompt Engineering vs. RAG,"depression, anxiety, bipolar disorder, or suicidal ideation",4,"conducting a systematic comparison of three distinct approaches for mental health text classification: prompt engineering (including both zero-shot and few-shot variants), retrieval augmented generation (RAG), and fine-tuning.",text,2025,CLPsych 2025 ,2,"20,000 tweets + 54,412 Reddit posts",Yes both are publicly available,"Tweets, Reddit posts",N ,https://aclanthology.org/2025.clpsych-1.14.pdf
Exploring BERT-Based Classification Models for Detecting Phobia Subtypes: A Novel Tweet Dataset and Comparative Analysis,Phobia (classified as an anxiety disorder),1,"• Constructed a novel phobia-related tweet dataset based on self-reported users’ timelines containing 102 phobia subtypes. • Applied systematic pre-processing and stringsearching steps to identify self-reported phobia-affected users. • Evaluated the performance of eight BERTbased models, assessing their capability to identify users with phobias and accurately classify the specific subtype of phobia associated with them",text,2024,LREC-COLING 2024,1,"811,569 tweets",No,Tweets,N,https://aclanthology.org/2024.lrec-main.603.pdf
MentalRiskES dataset,"ED, depression, anxiety",3,To create a publicly available dataset and benchmark baseline models (text classification and regression) to support early detection systems for mental health risk,text,2024,LREC-COLING 2024,1,"45,000 telegram messages ",https://github.com/sinai-uja/corpusMentalRiskES,Messages from public Telegram groups (in Spanish),N,https://aclanthology.org/2024.lrec-main.978.pdf
SMHD-GER dataset,"schizophrenia spectrum disorders (schizophrenia), bipolar disorders (bipolar), depressive disorders (depression), anxiety disorders (anxiety), obsessive-compulsive disorders (OCD)",5,Build and benchmark a German-language mental health detection dataset and models,text,2023,EACL 2023 ,1,"455,060 German reddit posts ",No,posts in German on reddit ,N,https://aclanthology.org/2023.findings-eacl.113.pdf
Conversational Bots for Psychotherapy: A Study of Generative Transformer Models Using Domain-specific Dialogues,Depression and anxiety,2,explore model fine-tuning through transfer learning on therapy counseling videos for therapy-based response generation,text + video,2022,BioNLP 2022,2,"68,835 posts and 809,646 comments;  1,130 video transcripts",No,social media posts on Reddit and videos ,N,https://aclanthology.org/2022.bionlp-1.27.pdf
Searching Brazilian Twitter for signs of mental health issues,"Depression, anxiety, bipolar disorder, and panic disorder ",4,Evaluate convolutional neural networks (CNNs) and other models for mental health detection in Portuguese.,text,2020,LREC 2020,1,"616,369 messages on Twitter",No,Portuguese tweets,N,https://aclanthology.org/2020.lrec-1.750.pdf
Inferring Social Media Users’ Mental Health Status from Multimodal Information,Broad mental health disorders (specifically mentions depression and anxiety),1,To use multimodal analysis to classify users' mental health status (healthy vs. unhealtthy and then see if they are at risk for any mental conditions),text + images ,2020,LREC 2020,1,"14,781 Flickr posts (770 unique individuals)",On Flickr API (could use the filters to get the same results),Images and text in English on Flickr ,N,https://aclanthology.org/2020.lrec-1.772.pdf
A Counselling Corpus in Cantonese,Anxiety (specifically relating to testing),1,Create and evaluate a Cantonese chatbot for test anxiety support,text,2020,SLTU 2020,1,436 inputs and 150 chatbot replies ,The corpus is available for research purposes on request to the first author,Messages in Cantonese ,N ,https://aclanthology.org/2020.sltu-1.50.pdf
PsyMine Dataset,"Depression, anxiety, OCD, Phobic disorders, Panic disorder ",5,Create the first expert-annotated gold standard corups for mining psychiatric disorder mentions in scientific abstracts,text,2016,LREC 2016 ,1,175 scientific abstracts ,https://www.cl.uzh.ch/en/research-groups/texttechnologies/research/biomed-text-mining/psymine.html,Scientific abstracts,Yes - this is explicitly mentioned to be done by experts,https://aclanthology.org/L16-1590.pdf
Public Speaking Anxiety Corpus ,Anxiety (specifically related to public speaking) ,1,Develop a vast multimodal dataset to support research in detecting and assessing public speaking ability using multimodal data,audio + video + text,2016,LREC 2016 ,1,180 speech presentations with annotated features (such as gazing or pausing),Available upon request ,Speech presentations ,"Yes, experts were the ones evaluating the pre-presentations and the post-presentations ",https://aclanthology.org/L16-1078.pdf
DAIC dataset,"Psychological distress: anxiety, depression, and PTSD",3,Develop a distress analysis interview corpus ,audio + video + text,2014,LREC 2014,1,189 recorded sessions ,https://dcapswoz.ict.usc.edu/,Interviews with multimodal data ,Yes this dataset includes clinical interviews carried out under controlled conditions ,http://www.lrec-conf.org/proceedings/lrec2014/pdf/689_Paper.pdf
LGBTeens Reddit Dataset,"Mental health challenges among queeer youth including depression, anxiety, and suicidal ideation ",3,"Assess whether LLMs can serve as emotional supporters for queer youth, comparing their responses to those from humans ",text,2024,NAACL-HLT 2024,1,Not specifically mentioned ,https://github.com/nitaytech/LGBTeenDataset,Reddit posts ,No ,https://aclanthology.org/2024.naacl-long.113.pdf
ALBA: Adaptive Language-Based Assessments for Mental Health,Depression and Anxiety ,2,Generate new openended questions based on previous responses(specifically for messages that have tones of depression and/or anxiety),text,2024,NAACL-HLT 2024,1,"69,864 responses to mental health questions",No,Free text responses from participants ,"No, while the scales are clinically validated, there is no clinical verification on the annotations (that is self reported) ",https://aclanthology.org/2024.naacl-long.136.pdf
Alex Street Counseling and Psychotherapy Transcripts,"Anxiety, depression, schizophrenia, and suicidal ideation",4,Introduce WAT model to assess therapeutic working alliance (the goal agreement between a given therapist and patient),text,2024,ClinicalNLP 2024,1,950+ therapy sessions ,No,Transcripts from therapy sessions,Yes these transcripts are taken from a session with a licensed therapist ,https://aclanthology.org/2024.clinicalnlp-1.6.pdf
PERSONA-CHAT dataset,Xenoglossophobia (foreign-language anxiety),1,Develop a personalized language-learning platform to see if it can alleviate language anxiety in learners ,text,2022,LREC 2022 ,1,8784 transcripts ,https://www.kaggle.com/datasets/atharvjairath/personachat,Conversation data in the form of text for people who are learning a foreign language ,No,https://aclanthology.org/2022.lrec-1.132.pdf
Talkspace Dataset ,Anxiety ,1,Analyze linguistic complexity in mental health online therapy messages ,text,2021,NAACL 2021,1,"30,437 survey responses (7170 clients)",N,Text-based therapy messages and corresponding survey responses ,No (privacy reasons) ,https://aclanthology.org/2021.naacl-main.352.pdf
Automatic detection of psychological distress indicators and severity assessment from online forum posts,"depression, PTSD, mild traumatic brain injury",3,analyze forum posts by veterans and caretakers,text,2012,COLING,1,"not specified, but 136 labels used to annotate",N,social media posts,Y,https://aclanthology.org/C12-1145.pdf
Wizard of Oz dataset ,PTSD,1,explore presence of indicators of psychological distress in the linguistic behavior of subjects,transcription,2013,SIGDIAL,1,64 participants,N,"questionnaires, interview",,https://aclanthology.org/W13-4032.pdf
Quantifying Mental Health Signals in Twitter,"depression, bipolar, PTSD, SAD",4,"use Twitter data, analyze self expression of mental diagnosis",text,2014,CLPsych,1,"bipolar - 992k tweets, depression. - 1m tweets, PTSD - 573k tweets, SAD - 421k tweets, Control - 13.7m tweets",data from twitter API from 2008-2013,twitter posts,N,https://aclanthology.org/W14-3207.pdf
Distress Analysis Corpus of human and computer interviews (DAIC),"for PTSD/depression, but can be used for any",2,create a corpus with different types of interviews for analysis,"audio, video, and depth sensor recordings of interviews",2014,LREC,1,621 interviews (contains 4 types of interviews),"shared on a case by case basis, can request access",Interviews,Y,http://www.lrec-conf.org/proceedings/lrec2014/pdf/508_Paper.pdf
"SimSensei Kiosk, E-DAIC dataset (extended distress analysis corpus of human and computer and computer interviews","depression, anxiety, PTSD",3,analyze non verbal and verbal interactions between patients and virtual and non virtual interviewers,video,2014,AAMAS,1,"120 face to face interviews in phase 1, 140 participant interactions (WOZ study) in phase 2",N,interview (virtual and in person),Y,https://www.ccs.neu.edu/home/marsella/publications/pdf/Devault_AAMAS14.pdf
CLPsych 2015 Shared Task: Depression and PTSD on Twitter,"Depression, PTSD",2,"Modeling language relevant to mental health from
social media",text,2015,CLPsych,1,"Train: 327 depression users, 246 PTSD, and an age- and gender-matched control for each. Total: 1,146; Test: 150 depression users,
150 PTSD, and an age- and gender-matched
control for each. Total: 600. Each user has 3000 posts.",N but might be able to get it? https://www.cs.jhu.edu/~mdredze/clpsych-2015-shared-task-evaluation/,Twitter posts,N,https://aclanthology.org/W15-1204.pdf
From ADHD to SAD: Analyzing the Language of Mental Health on Twitter through Self-Reported Diagnoses,"ADHD, Anxiety, Bipolar, Borderline, Depression, Eating, OCD, PTSD, Schizophrenia, Seasonal Affective",10,Explore language differences between ten conditions with respect to 1) the general population and 2) to each other,text,2015,CLPsych,11,# of users; median number of tweets; total for each condition - 403; 3241; 1251k,N,"Twitter posts (self-reported, between 2008-2015)",N,https://aclanthology.org/W15-1201.pdf
"SMHD: A Large-Scale Resource for Exploring Online Language Usage
for Multiple Mental Health Conditions","ADHD, Anxiety, Bipolar, Borderline, Depression, Eating, OCD, PTSD, Schizophrenia, Seasonal Affective",10,create a dataset with users of multiple mental health conditions,text,2018,International Conference on Computational Linguistics,1,36948 diagnosed users,N,reddit posts,Y,https://aclanthology.org/C18-1126.pdf
"In an Absolute State: Elevated Use of Absolutist Words Is a Marker Specific to Anxiety, Depression, and Suicidal Ideation","Anxiety, Depression, PTSD, Schizophrenia, Bipolar, Suicidal Ideation",6,To determine if the use of absolutist thinking is strongly coorelated with instances of the aformentioned mental health disorders,text,2018,APS,1,63 different social media forums,Y - https://figshare.com/articles/dataset/Stats_-_In_an_Absolute_State_xlsx/4743547?file=7749943 (the analysis of the data) There is a link to the text files but it leads to nothing.,Social media posts,,https://journals.sagepub.com/doi/10.1177/2167702617747074
Dreaddit: A Reddit Dataset for Stress Analysis in Social Media,Stress/PTSD,1,Identify stress from lengthy multi-domain social media data,text,2019,International Workshop on Health Text Mining and Information Analysis (LOUHI),1,"3553 labeled data points from 2929 posts (1857 ""stressful"")",https://www.cs.columbia.edu/~eturcan/data/dreaddit.zip,"Reddit posts (from 10 subreddits in five domains: abuse, social, anxiety, PTSD and financial)",N,https://aclanthology.org/D19-6213/
"Detection of Mental Health Conditions from Reddit via Deep
Contextualized Representations","schizophrenia, bipolar, borderline personality disorder, PTSD, eating disorder, depression, anxiety, OCD",8,collect data and build classifiers to distinguish between disorders; both user and post-level classification.,text,2020,11th International Workshop on Health Text Mining and Information Analysis (ACL workshop),1,17.5M posts,Julia and SI worked on it,Reddit posts,N,https://aclanthology.org/2020.louhi-1.16.pdf
"Social media data as a a lens onto care-seeking behavior among women
veterans of the US armed forces",PTSD,1,use social media data to get information on support seeking individuals in the US army,text,2020,NLPCSS,1,"3m tweets from 20,000 twitter users",N,twitter posts,N,https://aclanthology.org/2020.nlpcss-1.20.pdf
"Cluster Analysis of Online Mental Health Discourse using Topic-Infused
Deep Contextualized Representations",PTSD,1,"investigate reddit discourse on PTSD and complex PTSD, elicit thematic clusters and qalitatively analyze each cluster",text,2021,International Workshop on Health Text Mining and Information nalaysis,1,"24,390 posts",r/ptsd: reddit.com/r/ptsd    r/CPTSD: reddit.com/r/CPTSD     pushsift API (used to get all posts from these subreddits): pushift.io     filter out non english: pypi.org/project/pycld2/0.24/      text cleaning: pypi.org/project/pycontractions/ ,reddit posts,N,https://aclanthology.org/2021.louhi-1.10.pdf
Classification of mental illnesses on social media using RoBERTa,"depression, ADHD, PTSD, anxiety, bipolar",5,"classify mental illness posts on social media thereby enabling
users to seek appropriate help",text,2021,International Workshop on Health text mining and information Analysis,1,"17159 posts, 13 subreddits",https://github.com/amurark/mental-health-classification,reddit posts,Y,https://aclanthology.org/2021.louhi-1.7.pdf
Predicting PTSD symptom trajectories from AI based language analysis,PTSD,1,demonstrate the value of AI in understanding PTSD in a vulnerable population,text,2021,Pyschological Medicine,1,124 responders at Stony Brook WTC Health and Wellness program evaluated after 9/11,N,oral interview,Y,https://static1.squarespace.com/static/53d29678e4b04e06965e9423/t/5ff88088da7f643bf514e819/1610121388396/2021+WTC+oral+histories+preprint.pdf
Reddit SWMH Dataset,"Suicidal Ideation, Depression, Anxiety, Bipolar",4,Detect and classify multiple mental health conditions from Reddit text,text,2022,Neural Computing and Applications,1,"54,412 posts",N,Reddit posts,N,https://arxiv.org/pdf/2004.07601
Twitter Datasets Collection,"Suicidal Ideation, PTSD",2,Detect and classify Depression/PTSD from Twitter text,text,2022,Neural Computing and Applications,1,4800 tweets,Some of it available upon request (https://www.cs.jhu.edu/~mdredze/datasets/clpsych_shared_task_2015/),Twitter posts,N,https://arxiv.org/pdf/2004.07601
Twitter-STMHD: An Extensive User-Level Database of Multiple Mental Health Disorders,"3 Depressive Disorders including Depression, Major-Depressive Disorder (MDD), Post-Partum Depression (PPD); PTSD, AHDH, Anxiety, Bipolar, OCD ",8,"1) Instead of being a corpus of sweets, a collection of user-profiles that can be used to analyze temporal information 2) Captures the tweeting acivity of users suffering from mental health disorders during COVID",text,2022,AAAI Conference on Web and Social Media,1,25860 unique user profiles who belong to at least one of the 8 disorder categories; 8000 control user profiles,https://zenodo.org/records/6409736,Twitter user profiles,N,https://ojs.aaai.org/index.php/ICWSM/article/view/19368/19140
MotiVAte dataset,"PTSD, MDD, anxiety, OCD",4,create a virtual assistant as a first point of contact and comfort for mental health patients,text,2022,ACL: human Language Technologies,1,"7067 dialogues (4046 MDD, 1000 OCD, 1000 Anxiety, 1021 PTSD)",N,peer to peer support forum www.psychcentral.org,Y,https://aclanthology.org/2022.naacl-main.174.pdf
SMHD-GER: A Large-Scale Benchmark Dataset for Automatic Mental Health Detection from Social Media in German,"Schizophrenia, ADHD, Bipolar, Depression, Anxiety, OCD, PTSD",7,Create a large dataset of German social media posts written by people with these various MHCs,text,2023,EACL ,1,5611 different diagnosed users,N,Social media posts,Y,https://aclanthology.org/2023.findings-eacl.113.pdf
C2D2 Dataset (in Chinese),"depression, PTSD",2,determine prevalence of cognitive distortion in social media posts from individuals with depression or PTSD,text,2023,EMNLP,1,7500 cognitive distortion (patterns of irrational thinking that can lead to distorted perceptions on reality) thoughts,https://github.com/bcwangavailable/C2D2-Cognitive-Distortion,thoughts,Y,https://aclanthology.org/2023.findings-emnlp.680.pdf
Automating PTSD Diagnostics in Clinical Interviews: Leveraging Large language Models for Trauma Assessments,PTSD,1,aid clinicians in diagnostic validation using data from clinical interviews,transcription,2024,ACL,1,411 interviews conducted with 366 participants,N - unable to be released,clinical interviews,Y,https://aclanthology.org/2024.sigdial-1.55.pdf
The Language of Trauma: Modeling Traumatic Even Descriptions Across Domains with Explainable AI***,PTSD,1,use RoBERTa to predict traumatic events ,text,2024,EMNLP,4,mixed,https://github.com/MiriamSchirmer/trauma-language,mixed,Y,https://aclanthology.org/2024.findings-emnlp.773.pdf
MentalHelp: A Multi-Task Dataset for Mental Health in Social Media,"depression, PTSD, schizophrenia, and eating disorders",4,"To create a large, semi-supervised data set of social media posts to help identify mental disorders",text,2024,LREC-COLING,1,14 million instances,https://github.com/mraihan-gmu/MentalHelp,Social media posts,N,https://aclanthology.org/2024.lrec-main.977.pdf
Suicidal Ideation and Mental Disorder Detection with Attentive Relation Networks,"Suicidal Ideation, Depression, Anxiety, Bipolar, PTSD",5,Detect suicidal ideation and mental disorders with related risk indicators using relation networks (equipped with the attention mechanism to prioritize more critical relational features),text,2021,mixed,"3 (one public dataset, one firstly collected, one combined from several existing data sources)",4800 tweets,N - https://www.cs.jhu.edu/~mdredze/datasets/clpsych_shared_task_2015/ request from this link,Twitter,Y,https://arxiv.org/pdf/2004.07601
"PTSD in the Wild: A Video Database for Studying
Post-Traumatic Stress Disorder Recognition in
Unconstrained Environments",PTSD,1,analyze PTSD patients using computer vision,video,2024,HAL open science,1,"317 videos of PTSD subjects, 317 control",http://www.lissi.fr/PTSD-Dataset/,video,Y,https://hal.science/hal-04794169v1/file/2209.14085v1.pdf
FEMH Dataset,PTSD,1,deep transfer learning approach to differentiate pathological voice samples from normal ones,audio,2019,IEEE ,1,200 patients,N,voice signal,Y,https://ieeexplore.ieee.org/stamp/stamp.jsp?tp=&arnumber=8622447
AURORA Study,"PTSD, depreesion, post concussion syndrome",3,provide a dataset capable of helping to address trauma aftermath,"neuroimaging, neurocognitive assessments",2020,Mol Psychiatry,1,5000 participants,N,neurocognitive tests,Y,https://pmc.ncbi.nlm.nih.gov/articles/PMC6981025/pdf/nihms-1535896.pdf
"The effect of clinical intervention on the speech of individuals with PTSD:
features and recognition performances",PTSD,1,"PTSD detection based on speech
recordings",audio,2023,Interspeech,1,"15 participants, all female",N,audio recordings before and after clinical intervention,Y,https://www.isca-archive.org/interspeech_2023/kathan23_interspeech.pdf
"Speech-Based Assessment of PTSD in a Military Population
using Diverse Feature Classes",PTSD,1,monitor PTSD in both miliatry and civilian populations,text,2015,Interspeech,1,"39 participants (male), 10-115 min of speech for each participant",N,interview,Y,https://www.isca-archive.org/interspeech_2015/vergyri15_interspeech.pdf
Suicidal Ideation and Mental Disorder Detection with Attentive Relation Networks,"Suicidal Ideation, Depression, Anxiety, Bipolar, PTSD",5,Detect suicidal ideation and mental disorders with related risk indicators using relation networks (equipped with the attention mechanism to prioritize more critical relational features),text,2021,mixed,"3 (one public dataset, one firstly collected, one combined from several existing data sources)",4800 tweets,No ,Twitter,Y,https://arxiv.org/pdf/2004.07601
UMD Reddit Suicidality Dataset,Suicide Ideation,1,for research purposes,text,2018,CLPsych,1,Train: 620 users; Test: 245 users,Available upon request (https://psresnik.github.io/umd_reddit_suicidality_dataset.html),Reddit posts,Y,https://aclanthology.org/W18-0603.pdf
Large Scale Analysis of Counseling Conversations: An Application of NLP to Mental Health,"depression, self harm, suicidal thoughts, anxiety, etc",5,study conversations with counselors using LLMs to see how these conversations can be improved ,text,2016,TACL,1,"80,885 conversations, 3.2 million messages, 408 counselors",https://snap.stanford.edu/counseling/,SMS conversations with counselor service,Y,https://aclanthology.org/Q16-1033.pdf
The Language of mental health problems in social media,"addiction, anxiety, asperger's, autism, bipolar, dementia, depression, schizophrenia, self harm, suicide ideation",10,study language features that are characteristic for individual mental health conditions using large scale data,text,2016,CLPsych,2 - comments and posts,3m comments and posts,"Y -  https://redd.it/
3mg812 (posts), https://redd.it/3bxlg7 (comments)",Reddit posts/comments,Y,https://aclanthology.org/W16-0307.pdf
"In an Absolute State: Elevated Use of Absolutist Words Is a Marker Specific to Anxiety, Depression, and Suicidal Ideation","Anxiety, Depression, PTSD, Schizophrenia, Bipolar, Suicidal Ideation",6,To determine if the use of absolutist thinking is strongly coorelated with instances of the aformentioned mental health disorders,text,2018,APS,1,63 different social media forums,Y - https://figshare.com/articles/dataset/Stats_-_In_an_Absolute_State_xlsx/4743547?file=7749943 (the analysis of the data) There is a link to the text files but it leads to nothing.,Social media posts,,https://journals.sagepub.com/doi/10.1177/2167702617747074
Curating a Large-Scale Motivational Interviewing Dataset Using Peer Support Forums,"Depression, Anxiety, Suicidal",3,Study the extent to which conversational data from peer support platforms align with real therapeutic conversations and discuss in what ways they can be exploited to train therapeutic chatbots.,text,2022,International Conference on Computational Linguistics,2,~17k listeners' utterances annotated,Y - https://github.com/anuradha1992/Motivational-Interviewing-Dataset,Counseling dialogues,multiple,https://aclanthology.org/2022.coling-1.293.pdf
The First Multilingual Model For The Detection of Suicide Texts,Suicidal Ideation. ,1,Develop a multilingual transformer model for detecting suicidal content across multiple languages,text,2025,SUMEval-2 2025,1,2068 Spanish tweets (translated into 6 other languages),https://github.com/kvvaldez/spanish_suicide,Tweets,No,https://aclanthology.org/2025.sumeval-2.1.pdf
Lexicography Saves Lives (LSL): Automatically Translating Suicide-Related Language,Suicidal ideation/content,1,Evaluate how well LLMs handle suicidal content,text,2025,COLING 2025,1,Seed dictionary from O'Dea et. al,No ,Tweets,No ,https://aclanthology.org/2025.coling-main.213.pdf
AMI (Augmented Multi-party Interaction) Meeting Corpus,Clinical conversations including in regards to suicide,1,Summarizing clinical conversations and using evaluation metrics ,Audio + video,2019,RECITAL 2019,1,100 hours of meetings,https://www.idiap.ch/webarchives/sites/www.amiproject.org/ami-scientific-portal/meeting-corpus.html,Recordings of conversations,Yes,https://aclanthology.org/2019.jeptalnrecital-recital.3.pdf
"UMD Reddit Suicidality Dataset, Version 2",Suicidal Ideation,1,Various,Text,2019,CLPsych 2019,1,"11,129 users",https://psresnik.github.io/umd_reddit_suicidality_dataset.html,Reddit posts ,No,Various
Emonet Dataset,general,1,Introduce model that uses temporal emotion calculated from the timeline of users' tweets in the past,Text,2021,EACL 2021,1,"84,181 audio recordings",https://github.com/EIHW/EmoNet,Tweets,No,https://aclanthology.org/2021.eacl-main.205.pdf
Multi-Task Learning for Mental Health using Social Media Text,Suicidal risk and overall mental health risks,2,Detecting suicidal risk and overall mental health risk,Text,2016,NAACL 2016,1,554 users ,No ,Tweets,No ,https://m-mitchell.com/NAACL-2016/CLPsych/pdf/CLPsych11.pdf
A Chatbot for Providing Suicide Prevention Information in Spanish,Suicidal ideation,1,Creating a chatbot to help those with suicidal thoughts (Spanish),Text,2025,International Workshop on Spoken Dialogue Systems Technology,1,2048 chat segments ,No ,Chat segments ,Yes (all documents were classified and inspected by experts),https://aclanthology.org/2025.iwsds-1.21.pdf
Design of a conversational agent to support people on suicide risk,Suicidal ideation,1,"Develop a conversational agent
designed to detect suicide risk factors during
real-time chat interactions",Text,2025,International Workshop on Spoken Dialogue Systems Technology,1,"339 participants divided in three distinct groups: a clinical, a clinical control and a general control populations","https://clinicaltrials.gov/study/NCT06341634?locStr=Vigo,%20Municipality%20of%20Vigo,%20Spain&country=Spain&city=Vigo&cond=Suicide%20Ideation&rank=1#study-record-dates",Answers to screening questions,Yes  ,https://aclanthology.org/2025.iwsds-1.13.pdf
CLPsych 2025 dataset,Suicidal Ideation ,1,Various,Text,2025,CLPsych,1,unknown,Request/enter?: https://clpsych.org/shared-task/,Text,No,Various
CLPsych 2022 dataset,Suicidal Ideation ,1,Various,Text,2022,CLPsych,1,unknown,Request: https://github.com/stuartemiddleton/uos_clpsych,Text,No,https://aclanthology.org/2022.clpsych-1.19.pdf
TalkLife Dataset,Suicidal Ideation,1,Analyze and predict timelines of posts ,Text,2023,EACL 2023,1,12.3 million posts between August 2011 and August 2020 (for annotation 500 timelines were selected) ,https://github.com/behavioral-data/Empathy-Mental-Health/tree/master/dataset,Text,Yes (peer-to-peer network),https://aclanthology.org/2023.eacl-main.274.pdf
Self-Adapted Utterance Selection for Suicidal Ideation Detection in Lifeline Conversations,Suicidal ideation and risk,2,Create self-adaptive approach to help determine the most critical utterances of suicidal ideation/thoughts ,Conversation,2023,EACL 2023,1,515 conversations in Taiwanese,On request: https://rec.nccu.edu.tw/main.php,Conversation ,Yes (multiple times) ,https://aclanthology.org/2023.eacl-main.105.pdf
Sahar Corpus ,Suicidal ideation and risk,2,Create hierarchical BERT model to detect suicidal ideation ,Chat sessions (conversations) ,2023,EACL 2023,1,"40,000 conversations",No ,Conversation ,Yes (conversations are with counselors on hotline) ,https://aclanthology.org/2023.findings-eacl.184.pdf
A Risk-Averse Mechanism for Suicidality Assessment on Social Media,Suicidal Ideation and Risk ,2,Create SASI model using Columbia Severity Risk Scale ,Reddit Posts ,2022,ACL 2022,1,500 Reddit Users,https://github.com/manasgaur/Knowledge-aware-Assessment-of-Severity-of-Suicide-Risk-for-Early-Intervention,Text,No,https://aclanthology.org/2022.acl-short.70.pdf
HYPHEN: Hyperbolic Hawkes Attention For Text Streams,Suicidal Ideation,1,Create NLP model for text threads,SMS texts,2022,ACL 2022,1,2.3M texts,https://github.com/gtfintechlab/HYPHEN-ACL,Text,No,http://aclanthology.org/2022.acl-short.69.pdf
Using Deep Neural Networks with Intra- and Inter-Sentence Context to Classify Suicidal Behaviour,Suicidal Behavior/Ideation,1,Assess and detect suicidal ideation/behavior in ASD patients,English-based documents,2020,LREC 2020,1,4918 documents ,Upon request to authors of paper ,Text,No,https://aclanthology.org/2020.lrec-1.163.pdf
CEASE Corpus,Suicidal Ideation and Risk,2,To develop a corpus of annotated suicide notes in English,English notes,2020,LREC 2020,1,205 suicide notes,https://www.iitp.ac.in/~ai-nlp-ml/resources.html#CEASE,Text,Professionally annotated,https://aclanthology.org/2020.lrec-1.201.pdf
Recognising suicidal messages in Dutch social media,Suicidal Ideation,1,Use computational linguistics for early detection of suicidal ideation ,"Dutch texts on ""Netlog""",2014,LREC 2014,1,2674 annotated Dutch texts,No ,Text,Yes - professionally annotated,http://www.lrec-conf.org/proceedings/lrec2014/pdf/597_Paper.pdf
LGBTeen Dataset,Suicidal Ideation,1,Create and utilize a dataset on suicidal ideation specifically in queer youth,Reddit Posts from queer youth,2024,NAACL 2024,1,1000 reddit posts,https://github.com/nitaytech/LGBTeenDataset,Text,No,https://aclanthology.org/2024.naacl-long.113.pdf
Alex Street Counseling and Psychotherapy Transcripts,Suicidal Ideation,1,Utilize multimodal data from real therapy consultations/conversations,Therapy videos (audio and video along with transcripts),2024,ClinicalNLP 2024,1,950 therapy sessions,https://search.alexanderstreet.com/psyc,Multimodal ,Yes - with therapists and professional clinicians ,https://aclanthology.org/2024.clinicalnlp-1.6.pdf
Suicide Ideation Detection via Social and Temporal User Representations using Hyperbolic Learning,Suicidal Ideation,1,Create a new dataset and employ Graph Neural Networks to help detect suicidal ideation,Tweets,2021,NAACL 2021,1,"34,306 Tweets",https://github.com/ramitsawhney27/NAACLSRW19Suicide,Text,No,https://aclanthology.org/2021.naacl-main.176/
Towards Intelligent Clinically Informed Language Analyses of people with Bipolar Disorder and Schizophrenia,"Bipolar Disorder, Schizophrenia",2,Identify lignuistic correlates between diagnostic groups of schizophrenia and bipolar,Audio,2022,EMNLP,1,644 subjects (1288 transcript),Y - https://github.com/ankitaich09/EMNLP_2022,Speech,Y - a professional was conducting the conversation,https://aclanthology.org/2022.findings-emnlp.208.pdf
From ADHD to SAD: Analyzing the Language of Mental Health on Twitter through Self-Reported Diagnoses,"ADHD, Anxiety, Bipolar, Borderline, Depression, Eating, OCD, PTSD, Schizophrenia, Seasonal Affective",10,Explore language differences between ten conditions with respect to 1) the general population and 2) to each other,Text,2015,CLPsych,11,172 subjects with schizophrenia,N,Social media posts,N,https://aclanthology.org/W15-1201.pdf
The Language of mental health problems in social media,"addiction, anxiety, asperger's, autism, bipolar, dementia, depression, schizophrenia, self harm, suicide ideation",10,study language features that are characteristic for individual mental health conditions using large scale data,Text,2016,CLPsych,2 - comments and posts (Reddit),3m comments and posts,"Y -  https://redd.it/
3mg812 (posts), https://redd.it/3bxlg7 (comments)",Social media posts,Y,https://aclanthology.org/W16-0307.pdf
Predictive Linguistic Features of Schizophrenia ,Schizophrenia,1,"Study schizophrenia patients semantic, pragmatic and syntactic tendencies to better understand the condition",Text,2017,ACL,2,Dataset 1: 93 patients/95 controls (373 writing samples) Dataset 2: 174 Twitter users,N - A study which uses the same data says they obtained it after obtaining IRB permission. I'm not quite sure how we would go about doing that but It seems like a very helpful data set,Writing Prompt Responses and Twitter Posts,N,https://aclanthology.org/S17-1028.pdf
Predictive Linguistic Features of Schizophrenia,Schizophrenia,1,"examine the writings of schizophrenia patients analyzing
their syntax, semantics and pragmatics",Text,2018,"*SEM
",93 patients + 174 users,Same data,N,Text,N,https://www.researchgate.net/publication/328446099_Predictive_Linguistic_Features_of_Schizophrenia
Linguistic markers of schizophrenia: a case study of Robert Walser,Schizophrenia,1,Use a corpus of a known schizophrenic writer to identify linguistic features associated with schizophrenia,Text,2024,CLPsych,1,189 Texts,N,Writing Samples,N,https://aclanthology.org/2024.clpsych-1.4.pdf
Automatic Detection of Incoherent Speech for Diagnosing Schizophrenia,Schizophrenia,1,"Create a model to analyze linguistic features, specifially incoherence, to identify schizophrenia",Audio,2018,CLPsych,1,14 conversations,N,Speech,Y - diagnoses were confirmed by experienced professionals.,https://aclanthology.org/W18-0615.pdf
MentalHelp: A Multi-Task Dataset for Mental Health in Social Media,"depression, PTSD, schizophrenia, and eating disorders",4,"To create a large, semi-supervised data set of social media posts to help identify mental disorders",Text,2024,"LREC, COLING",12,14 million instances,"Y 1https://github.com/mraihan-gmu/
MentalHelp ",Social media posts,N,https://aclanthology.org/2024.lrec-main.977.pdf
Quantifying the Language of Schizophrenia on Social Media,Schizophrenia,1,To identify linguistic markers associated with schizophrenia,Text,2015,CLPsych,1,3200 Tweets,N,Social media posts,N,https://aclanthology.org/W15-1202.pdf
Semantic Characteristics of Schizophrenic Speech,Schizophrenia,1,To identify semantic paterns in Schizophrenic speech,Audio,2019,CLPsych,1,51 interviews,N,Speech,Y - diagnoses were confirmed by experienced professionals.,https://aclanthology.org/W19-3010.pdf?trk=public_post_comment-text
"In an Absolute State: Elevated Use of Absolutist Words Is a Marker Specific to Anxiety, Depression, and Suicidal Ideation","Anxiety, Depression, PTSD, Schizophrenia, Bipolar, Suicidal Ideation",6,To determine if the use of absolutist thinking is strongly coorelated with instances of the aformentioned mental health disorders,Text,2018,APS,1,63 different social media forums,Y - https://figshare.com/articles/dataset/Stats_-_In_an_Absolute_State_xlsx/4743547?file=7749943 (the analysis of the data) There is a link to the text files but it leads to nothing.,Social media posts,N,https://journals.sagepub.com/doi/10.1177/2167702617747074
Using LLMs to Aid Annotation and Collection of Clinically-Enriched Data in Bipolar Disorder and Schizophrenia,Schizophrenia and Bipolar,2,Study effectiveness of using LLMs to annotate mental health data,Audio,2025,"CLPsych, WS",1,644 interviews,Y - https://github.com/ankitaich09/EMNLP_2022,Speech,Y - diagnoses were confimed by medical practitioners.,https://aclanthology.org/2025.clpsych-1.15.pdf
Towards Intelligent Clinically-Informed Language Analyses of People with Bipolar Disorder and Schizophrenia,Schizophrenia and Bipolar,2,create dataset of manually transcribed interations with individuals suffereing from bipolar disorder or schizophrenia to study lexical features in those people's speech,Audio,2022,Findings,1,644 interviews,Y - https://github.com/ankitaich09/EMNLP_2022,Speech,Y - diagnoses were confimed by medical practitioners.,https://aclanthology.org/2022.findings-emnlp.208.pdf
Masking Morphosyntactic Categories to Evaluate Salience for Schizophrenia Diagnosis,Schizophrenia,1,Determining which parts of speech are best for identifying speakers with schizophrenia,Audio,2022,CLPsych,1,49 interviews,N,Speech,Y - diagnoses were confimed by medical practitioners.,https://aclanthology.org/2022.clpsych-1.13.pdf
Investigating non lexical markers of the language of schizophrenia in spontaneous conversations,Schizophrenia ,1,"Studying speech patterns of schizophrenic people in parts of speech unrelated to word choice, using conversational, spontaneous conversation",Audio,2021,CODI,1,41 conversations,N,Speech,Y - diagnoses were confimed by medical practitioners.,https://aclanthology.org/2021.codi-main.3.pdf
SMHD-GER: A Large-Scale Benchmark Dataset for Automatic Mental Health Detection from Social Media in German,"Schizophrenia, ADHD, Bipolar, Depression, Anxiety, OCD, PTSD",7,Create a large dataset of German social media posts written by people with these various MHCs,Text,2023,Findings,9,5611 different diagnosed users,N,Social media posts,Y,https://aclanthology.org/2023.findings-eacl.113.pdf
Predicting Adherence to Treatment for Schizophrenia from Dialogue Transcripts,Schizophrenia,1,Studying patterns in patient-doctor conversations to predict the patient's adherence to thier prescripitons,Audio,2012,SIGDIAL,1,131 dialogues,N,Speech,Y,https://aclanthology.org/W12-1610.pdf
"Detecting schizophrenia, bipolar disorder, psychosis vulnerability and major depressive disorder from 5 minutes of online collected speech","bipolar disorder, schizophrenia, MDD",3,see if disorder can be classified using speech,Audio,2024,Translational Psychiatry,1,"1140 participants, 22,650 minutes of speech",N,Speech,N,https://www.medrxiv.org/content/10.1101/2024.09.03.24313020v1.full-text
Natural language processing methods are sensitive to subclinical linguistic differences in schizophrenia spectrum disorders,Schizophrenia,1,Determine if NLP can help detect speech disturbances and diagnose SSD,Audio,2021,NPJ,1,31 Speech sample subjects,Possible upon request,Speech,Y,https://www.researchgate.net/publication/351583505_Natural_language_processing_methods_are_sensitive_to_sub-clinical_linguistic_differences_in_schizophrenia_spectrum_disorders
"Linguistic Analaysis of the Speech Output of the Schizophrenic, Bipolar, and Depressive patients","bipolar disorder, schizophrenia, depression",3,"see if BD, MDD, or SZ are falsely diagnosed as being the other mental illness (BD was found to have to most misdiagnoses)",Audio,2002,Psychopathology,1,"484 subjects, 186 diagnosed SZ, 187 BD, and 111 MDD",N,Speech,N,https://karger.com/psp/article-pdf/35/4/220/3488653/000063831.pdf
Lexical Differences in Autobiographical Narratives from Schizophrenic Patients and Healthy Controls,Schizophrenia,1,Identify lexical differences between schizophrenic and controls in personal emotional narratives,Audio,2012,EMNLP,1,201 stories from 31 subjects,N,Speech,N,https://aclanthology.org/D12-1004.pdf
Linguistic Analysis of Schizophrenia in Reddit Posts,Schizophrenia,1,Using machine learning to study linguistic patterns in Schizophrenic people,Text,2019,CLPsych,1,"66,000 reddit posts",Sarah Ita was on this paper so I'm sure we could aquire the data,Social media posts,N,https://aclanthology.org/W19-3009.pdf
Finding Negative Symptoms of Schizophrenia in Patient Records,Schizophrenia,1,using machine learning to extract evidence from medical records that point to a schizophrenia diagnosis,Text,2013,WS,1,unknown,N,medical records,N,https://aclanthology.org/W13-5102.pdf
Evidence for depression and schizophrenia in speech prosody,Schizophrenia and Depression,2,To find acoustic features to aid in diagnosis of schizophrenia and depression,Audio,2010,Interspeech,3,"Reading a given list of words, reading a neutral passage, and having a semi-structured interview",N,Speech,N,https://www.isca-archive.org/exling_2010/kliper10_exling.pdf
What’s so funny? An analysis of conversational laughter in schizophrenia,Schizophrenia,1,To study laughter as a marker of uncomfortability in social interaction in schizophrenic patients,Audio-visual,2012,Interspeech,1,unknown,N,Audio-visual,N,https://www.isca-archive.org/lw_2012/lavelle12_lw.pdf
Computational Analysis of Acoustic Descriptors in Psychotic Patients,Psychotic disorders including schizophrenia,1,Q1: What are the acoustic descriptors related to overall psychotic severity? What are the acoustic descriptors related to specific positive symptoms? Q2: Can we estimate positive symptoms and overall severity of psychotic disorders with acoustic descriptors?,Audio-visual,2017,Interspeech,1,29-semistructured interviews with psychotic patients,N,Audio-visual,N,https://www.isca-archive.org/interspeech_2017/wortwein17_interspeech.pdf
Identifying Schizophrenia Based on Temporal Parameters in Spontaneous Speech,Schizophrenia,1,Study the speech production fluency of schizophrenia patients compared to healthy controls,Audio,2018,Interspeech,1,10 patients speaking,N,Speech,N,https://www.isca-archive.org/interspeech_2018/gosztolya18b_interspeech.pdf
A New Approach for Automating Analysis of Responses on Verbal Fluency Tests from Subjects At-Risk for Schizophrenia,Schizophrenia,1,Using phonemic and semantic features to identify on-set schizophrenia in at-risk subjects,Audio,2019,Interspeech,1,53 at-risk individuals and 36 healthy,N,Speech,N,https://www.isca-archive.org/interspeech_2019/pietrowicz19_interspeech.pdf
Objective Assessment of Social Skills Using Automated Language Analysis for Identification of Schizophrenia and Bipolar Disorder,Schizophrenia and bipolar ,2,To use a small set of linguistic features that align with those measured in the SSPA to identify schizophrenia and bipolar in speech,Audio,2019,Interspeech,1,87 patient interview transcripts,N,Speech,N,https://www.isca-archive.org/interspeech_2019/voleti19_interspeech.pdf
Making a Distinction between Schizophrenia and Bipolar Disorder Based on Temporal Parameters in Spontaneous Speech,Schizophrenia and bipolar ,2,To use temporal parameters of sponteneous speech and machine learning to distinguish SCH speech with Bipolar speech,Audio,2020,Interspeech,1,26 SCH and 14 Bipolar patients sponteneous speech,N,Speech,N,https://www.isca-archive.org/interspeech_2020/gosztolya20b_interspeech.pdf
Prosodic and lexical entrainment in adults with and without schizophrenia,Schizophrenia,1,To study entrainment and the differences in it in healthy vs schizophrenic subjects,Audio,2022,Interspeech,1,31 Schizophrenic and 30 Controls dialogues,N,Speech,N,https://www.isca-archive.org/speechprosody_2022/kruyt22_speechprosody.pdf
A Multimodal Framework for the Assessment of the Schizophrenia Spectrum,Schizophrenia,1,Creating a multi-modal model to help distinguish between different symptom classes of schizophrenia and healthy controls,Audio,2024,Interspeech,1,40 subjects in 140 sessions,N,Speech,N,https://www.isca-archive.org/interspeech_2024/premananth24_interspeech.pdf
Computational analyses of linguistic features with schizophrenic and autistic traits along with formal thought disorders,"Schizophrenia, Autism, FTD",3,Trying to investigate accurate tasks and features to use to detect formal thought disorder using machine-learning-based score predictions,Audio,2023,ACM,1,446 audio recordings from 54 subjects who were all scored on a schizotypal or autistic scale,N,Speech,N,https://dl.acm.org/doi/pdf/10.1145/3577190.3614132
ADHD-200,ADHD,1,catalyze ADHD research and power the ADHD-200 Global Competition.,"rs-fMRI, s-MRI (+ phenotypic)",2011,Frontiers in Systems Neuroscience,1 dataset across 8 sites,973 subjects,Yes(https://fcon_1000.projects.nitrc.org/indi/adhd200/?utm_source=chatgpt.com),"Raw NIfTI imaging (rs-fMRI and T1 s-MRI), site protocols, and phenotypic CSVs",Yes - diagnoses provided by contributing clinical sites,10.3389/fnsys.2012.00062
ADHD-200 Preprocessed,ADHD,1,"Diagnostic classification, harmonization, connectome analysis","rs-fMRI, s-MRI (+ phenotypic)",2017,Frontiers in Systems Neuroscience,1 dataset (ADHD-200) across 8 sites,973 subjects,Yes (http://preprocessed-connectomes-project.org/adhd200/),Neuroimaging + phenotypics,Yes - diagnoses provided by contributing clinical sites,https://doi.org/10.1016/j.neuroimage.2016.06.034
SMHD: A Large-Scale Resource for Exploring Online Language Usage for Multiple Mental Health Conditions,ADHD + 8 other mental disorders,1,"a large, public Reddit-based resource of users with self-reported diagnoses + matched controls",Text,2018,COLING 2018,1,"20,406 diagnosed users + 335,952 matched controls",Yes (https://ir.cs.georgetown.edu/resources/),Social media text,No (self-reported),https://aclanthology.org/C18-1126.pdf
Multimodal assessment of adult attention-deficit hyperactivity disorder: A controlled virtual seminar room study,ADHD,1,"Test a VR-based, multimodal tool to assess adult ADHD and medication effects in an ecologically valid setting.",EEG + eye-tracking + actigraphy + behavioral,2023,Clinical Psychology,1,"75 (25 unmedicated ADHD, 25 medicated ADHD, 25 healthy controls).",No (on request to authors),"Behavioral CPT performance, head-motion traces, gaze metrics, EEG, fNIRS, self-report.",Yes,10.1002/cpp.2863
"Virtual reality-assisted prediction of adult ADHD based on eye tracking, EEG, actigraphy and behavioral indices",ADHD,1,Classify ADHD vs. healthy controls using multimodal VR signals and test generalization on an independent sample,"Continuous Performance Task in VR + eye tracking, head actigraphy, EEG, behavioral indices, experience-sampling (self-ratings)",2024,Nature,2 clinically controlled studies (independent train and test sets),"86 adults (43 ADHD, 43 control)",Yes (https://osf.io/ewkgv/),"Feature tables derived from VSR task: CPT metrics, gaze features, head-motion features, EEG power bands, momentary self-ratings.",Yes (ADHD diagnosis confirmed via DSM-5 structured clinical interviews (IDA-R) and MINI-DIPS),https://www.nature.com/articles/s41398-024-03217-y
TikTok and Attention-Deficit/Hyperactivity Disorder: A Cross-Sectional Study of Social Media Content Quality,ADHD,1,Assess quality and accuracy of ADHD content on TikTok,Video,2022,Canadian Medical Association Journal,1,"100 top TikTok videos; 283,459,400 total views",No,social media video,Yes (Two raters (psychiatrist + psychiatry resident) with third psychiatrist tie-breaker),https://pubmed.ncbi.nlm.nih.gov/35196157/
Acoustic and Text Features Analysis for Adult ADHD Screening: A Data-Driven Approach Utilizing DIVA Interview,ADHD,1,Screen for adult ADHD using acoustic + text features from semi-structured clinical interviews,Audio + text,2024,IEEE Journal of Biomedical and Health Informatics,1,"22 adults (10 ADHD, 12 control); 462 question-level clips; ~8 min per full recording",No (on request to authors),Clinical DIVA interview audio + text,Yes (ADHD group had NHS-certified diagnoses;),https://ieeexplore.ieee.org/document/10445184
ADHD detection based on human action recognition,ADHD,1,Classify ADHD via video-based human motion,Video + motion sensor,2024,Neural Systems and Applications,2 (Action-3 for training; M-ADHD for testing),"M-ADHD: 10 ADHD + 12 controls (18–45 yrs), 44 L/R-side videos, each 60–90 min. Action-3: ~5 h, 299 clips",No (on request to authors),Video + kinematic data,Yes (ADHD diagnoses by medical bodies/consultants under DSM-5),https://doi.org/10.1016/j.nsa.2024.104093
Exploring the Behavior of Users With Attention-Deficit/Hyperactivity Disorder on Twitter: Comparative Analysis of Tweet Content and User Interactions,ADHD,1,"Compare topics, emotions, and interaction patterns of self-identified ADHD users vs controls on Twitter",Text,2023,Journal of Medical Internet Research,2 (ADHD & control),ADHD: 3135 users / 8.30M tweets; Control: 3223 users / 7.69M tweets.,No (on request to authors),Text,No (self-reported),https://www.jmir.org/2023/1/e43439
"A Critical Reflection and Forward Perspective on
Empathy and Natural Language Processing",General,1,Ethical framework for empathy modeling in NLP,Text,2022,EMNLP,"0 (reviews many prior datasets, introduces none)",unknown,No,Text,No,https://aclanthology.org/2022.findings-emnlp.157.pdf
EDTok,Eating,1,"Release a large-scale, curated TikTok dataset to study ED content: spread, engagement, moderation, and COVID-era trends","Social media / short videos (TikTok) labeled for eating disorder content (text, video",2025,arXiv,1,"43,040 videos, 10,897 users, 79,876,956 likes, 537,329,790 views, 577,071 comments",Yes (https://github.com/cbickham3232/EDTok-A-Dataset-for-Eating-Disorder-Content-on-TikTok),Social media posts (video + text),No (verified by LLM),https://arxiv.org/pdf/2505.02250v1
"Dataset on Cognitive Control, Emotional Triggers, Body Image, Salience, and Habit Formation to Investigate Neurological Aspects of Eating Disorders",Eating,1,"Provide a public survey dataset on cognitive control, emotional triggers, body image, salience/taste, and habit formation for studying neurological associations with ED",Online self-report questionnaire,2024,Mendeley Data,1,700 participants (v2; initial 550 + 150 added to reduce male skew),Yes (https://data.mendeley.com/datasets/w8vppbf9br/2),56-question survey with 6 sections: demographics; cognitive control; affective value; salience/taste; body image; reward/habit.,No,https://data.mendeley.com/datasets/w8vppbf9br/2
Young Minds Matter (YMM) – Australia’s National Survey of Children and Adolescent Mental Health,"ADHD, OCD, SAD(Separation Anxiety Disorder)",3,"Build ML models that screen for OCD, SAD, ADHD, identify salient features and deliver a simple web tool for non-clinicians",Structured survey data (1474 categorical features from parent/caregiver reports),2023,Health Information Science and Systems,1,"1,011 labeled participants (OCD=73 / SAD=235 / ADHD=168; remaining non-cases)",No (official request to AGDH / UWA),Parent/caregiver questionnaires;,Yes (Doctor/psychologist confirmed diagnoses),http://link.springer.com/article/10.1007/s13755-023-00232-z
Healthy Brain Network (HBN) Biobank,Learning disorders,1,Create and openly share a large-scale multimodal biobank to enable biomarker discovery and clinically useful tools,"MRI (resting & naturalistic fMRI, diffusion, morphometry), EEG, eye-tracking, voice & video, genetics, actigraphy, plus extensive phenotyping",2017,Scientific Data (Nature),1,5000,Yes (https://fcon_1000.projects.nitrc.org/indi/cmi_healthy_brain_network/release/release_notes11_0.html),Multimodal neuroimaging + electrophysiology + behavioral/clinical assessments,Yes,https://doi.org/10.1038/sdata.2017.181
ENIGMA-OCD structural MRI,OCD,1,Test whether structural MRI can serve as an individual-level biomarker for OCD,T1-MRI parcellations,2020,Translational Psychiatry,1,4372 (2304 OCD; 2068 HC),Yes (https://github.com/WillemB2104/Bruin-2020-TP),ROI-level neuroanatomical measures,No (DSM-based clinical interviews),https://doi.org/10.1038/s41398-020-01013-y
From ADHD to SAD (Twitter self-reported diagnoses),"ADHD, anxiety, bipolar, BPD, depression, eating disorders, OCD, PTSD, schizophrenia, SAD",10,Identify Twitter users with self-reported diagnoses; characterize language differences,Social media,2015,CLPsych,1,"ADHD 2,038 users; Anxiety 2,583; Bipolar 1,656; BPD 1,283; Depression 1,656; ED 773; OCD 565; PTSD 1,283; Schizophrenia 693; SAD 933",No (on request to authors),"Tweets + derived linguistic features (e.g., LIWC; character n-grams)",No,https://aclanthology.org/W15-1201/
Recovery Amid Pro-Anorexia,Eating disorders,1,Estimate “recovery” rates via content shifts; study dynamics of pro-ED communities and interventions,Social media,2016,ACM,1,68M posts from 10K users,No,Tumblr posts,No,https://doi.org/10.1145/2858036.2858246
Exploring the Behavior of Users With ADHD on Twitter,ADHD,1,"Compare topics, emotions, and interaction patterns of self-identified ADHD users vs. controls",Social media,2023,JMIR,2 (ADHD set + non-ADHD controls),"3,135 users / 8.3M tweets",No (available on request),Tweet text + metadata,No (researchers verified),https://www.jmir.org/2023/1/e43439
"r/insomnia treatment-term trends (Reddit, 2008–2022)",Insomnia (sleep disorder),1,Map which insomnia treatments people discuss on Reddit and how this changed over time; gauge sentiment toward each treatment.,Social-media,2025,JMIR,1,"340,130 comments total (trend plots focus on 2013–2022 due to early sparsity",Yes (data via https://academictorrents.com/details/1614740ac8c94505e4ecb9d88be8bed7b6afddd4),Reddit comments,No,https://www.jmir.org/2025/1/e58902
"Reddit multi-condition MH dataset (8 diagnoses) — Jiang et al., “Detection of Mental Health Conditions from Reddit via Deep Contextualized Representations”","SZ, BPD, PTSD, ED, MDD, GAD, OCD, Bipolar",8,"Build a large, multi-diagnosis Reddit corpus and test deep contextualized models (BERT / REALM-like) for user- and post-level detection; compare linguistic markers across disorders","Social-media text, LIWC features, BERT embeddings",2020,ACL - Proceedings of the 11th International Workshop on Health Text Mining and Information Analysis,1,"Posts: ~17.5M across 8 conditions. Users: 35,606 total",No,Reddit posts aggregated at user-level and post-level; derived LIWC (73 dims) and transformer representations,No,https://aclanthology.org/2020.louhi-1.16/
Reddit MH Subdomains (2018–2022),"Depression, Anxiety, Bipolar, BPD, Schizophrenia, Autism (+ r/mentalhealth hub; 4 non-MH controls)",6,Identify distinct linguistic markers across MH subreddits; compare MH vs non-MH posts,Text (Reddit posts); LIWC features; sentence-BERT embeddings,2023,JMIR,1,"Total 3,133,509 posts from 919,722 users",Yes (https://github.com/dxlabskku/RedditMentalhealth),Raw posts + derived LIWC scores and 384-d SBERT embeddings,No,https://www.jmir.org/2023/1/e49074
Reddit MH posts for multi-disorder detection,"Depression, Anxiety, Bipolar, BPD, Schizophrenia, Autism",6,"Build deep-learning classifiers that detect which disorder a Reddit post belongs to, using posts from disorder-specific subreddits (plus r/mentalhealth)",Text (Reddit titles + posts),2020,Scientific Reports (Nature Research),1,"633,385 posts from 248,537 users (2017–2018)",Yes (available on request: https://jina-kim.github.io/dataset/20srep-mental),"Raw posts (title+body), tokenized/stemmed; features via TF-IDF (XGBoost) and word2vec embeddings (CNN)",No,https://www.nature.com/articles/s41598-020-68764-y
DementiaBank,Dementia,1,"Provide an open-access, standardized discourse protocol and corpus to enable early language markers of cognitive decline and support automated linguistic analyses","Video/audio of four discourse tasks (picture description, story narrative, procedural, personal) + CHAT transcripts; CLAN/EVAL-D; ASR pipeline",2023,American Journal of Speech-Language Pathology,1,"20 neurotypical, 33 MCI",Yes (available on request https://talkbank.org/dementia/),Transcribed discourse (CHAT) linked to media,Yes (MCI classification by neuropsychologist using NIA-AA criteria),https://doi.org/10.1044/2022_AJSLP-22-00281
"Reddit Mental Health Dataset (2018–2020, COVID-19 study)","ADHD, eating disorders, anxiety, autism, bipolar, BPD, depression, health anxiety, loneliness, PTSD, schizophrenia, social anxiety",12,Characterize how language in large Reddit support groups changed during early COVID-19; identify vulnerable groups and convergent themes,Social-media text (Reddit posts),2020,JMIR,1,"Posts from 28 subreddits; 826,961 unique users",Yes (https://github.com/danielmlow/reddit),"Raw Reddit posts; derived features: LIWC (62), sentiment (4), readability (9), counts (8), punctuation (1), TF-IDF n-grams (256–1024), and custom lexicons",No,https://www.jmir.org/2020/10/e22635/
ADReSS 2020 (Alzheimer’s Dementia Recognition through Spontaneous Speech),Dementia,1,"Provide a standardized, age-/gender-balanced spontaneous-speech dataset and a shared task with two tracks: (1) AD vs. non-AD classification, (2) MMSE regression; establish transparent baselines and enable fair comparisons.",Audio (Cookie Theft picture description) with CHAT transcripts,2020,INTERSPEECH,1,Participants: Train 54 AD + 54 HC; Test 24 AD + 24 HC (total N=156),No (available on request),Acoustically enhanced speech segments + timestamped transcripts,Yes (Clinical labels with MMSE),https://arxiv.org/pdf/2004.06833
ADReSSo Challenge (speech-only) datasets,Dementia; Alzheimer's,2,Shared task to: (1) classify AD vs CN; (2) regress MMSE; (3) predict 2-year cognitive decline—using speech only (no manual transcripts).,Audio recordings of picture description,2021,INTERSPEECH,2,242 audio files,No (available on request),Short speech sessions: picture description (AD vs CN & MMSE) and category fluency,Yes (Clinical AD vs CN labels; MMSE scores),https://arxiv.org/pdf/2104.09356
Reddit Bedtime Estimation,Insomnia (sleep disorder),1,Infer individual users’ bedtimes from Reddit post time stamps; validate against self-reported bedtimes; release an open R package.,Social-media time stamps (Reddit) + surveys for bedtime/time zone,2023,JMIR Formative Research,2,"Train/test: 159 users, 2.18M posts. Application: 51,372 users, 140.1M posts.",Yes (https://github.com/WillMeyerson/BEDDiT),Per-user 96-bin circadian fingerprints,No,https://formative.jmir.org/2023/1/e38112
ENIGMA-OCD DTI,OCD,1,Detect WM microstructural alterations in OCD and relate them to clinical features,Diffusion MRI,2021,Translational Psychiatry (Nature Research),1,Adults: 700 OCD / 645 HC; Pediatric: 174 OCD / 144 HC.,No,Site-level ROI means for 25 WM tracts,No,https://www.nature.com/articles/s41398-021-01276-z
Instagram pro-ED hashtag corpus (with Twitter comparison sample),Eating disorders,1,"Examine how a 2012 Instagram content ban shaped orthographic variation (#anorexia → #anarexyia), who drove it, and whether “deeper” variants changed engagement.","Social-media text (Instagram posts/hashtags; likes, comments) + small Twitter sample",2017,arXiv,2,"Instagram: 2,416,259 posts containing either a source or variant hashtag; 17 source hashtags; 672 unique variants (689 total tags). Twitter: 4,043 tweets containing source/variant tags.",No (available on request),"Social-media text (Instagram posts/hashtags; likes, comments) + small Twitter sample",No,https://arxiv.org/pdf/1712.01411